health_x_economy,freedom,family,health,economy_t-1_x_health_t-1,family_generosity_ratio,continent,happiness_score
0.097017397,0.23414,1.02951,0.30335,0.0,2.8197255621593493,Asia,3.575
0.0663009088,0.1643,0.11037,0.17344,0.097017397,0.35296939460807825,Asia,3.36
0.07256571387459045,0.106179520487785,0.581543326377869,0.180746778845787,0.0663009088,1.8646325107755233,Asia,3.79399991035461
0.08466,0.085,0.537,0.255,0.07256571387459045,2.8113711324014448,Asia,3.632
0.12635,0.417,0.517,0.361,0.08466,3.271944813619391,Asia,3.203
0.7145783775,0.35733,0.80434,0.81325,0.0,5.6353955019967765,Europe,4.959
0.697435871,0.31866,0.50163,0.73007,0.7145783775,2.9786235971735646,Europe,4.655
0.7283760411252338,0.381498634815216,0.803685247898102,0.731159746646881,0.697435871,3.992020138193252,Europe,4.64400005340576
0.7236400000000001,0.419,0.817,0.79,0.7283760411252338,5.482853499765116,Europe,4.586
0.8276779999999999,0.383,0.848,0.874,0.7236400000000001,4.76377731588113,Europe,4.719
0.5801618613999999,0.28579,1.07772,0.61766,0.0,13.776300651923815,Africa,5.605
0.6505859864,0.21006,0.83309,0.61804,0.5801618613999999,11.825266146202981,Africa,6.355
0.67431872985163,0.233335807919502,1.1462174654007,0.617584645748138,0.6505859864,16.505008016224146,Africa,5.87200021743774
0.6725730000000001,0.077,1.154,0.687,0.67431872985163,20.978003999272858,Africa,5.295
0.78657,0.086,1.16,0.785,0.6725730000000001,15.888234488426244,Africa,5.211
0.1264204374,0.10384,0.8604,0.16683,0.0,6.969623329283111,Africa,4.033
0.042289242100000006,0.00589,0.66366,0.04991,0.1264204374,5.49751491053678,Africa,3.866
0.04280866789144302,0.0,1.10441195964813,0.0498686656355858,0.042289242100000006,11.276817859702186,Africa,3.79500007629395
0.19637000000000002,0.487,1.125,0.269,0.04280866789144302,14.238703961523859,Africa,3.795
0.8293546772999999,0.44974,1.24823,0.78723,0.0,10.899668180230528,South America,6.574
0.8026315407,0.42284,1.06612,0.69711,0.8293546772999999,9.700818926296632,South America,6.65
0.8239428309994087,0.494519203901291,1.44045114517212,0.695137083530426,0.8026315407,13.15876333968221,South America,6.59899997711182
0.7983119999999999,0.57,1.468,0.744,0.8239428309994087,23.673601032091597,South America,6.388
0.9620520000000001,0.471,1.432,0.881,0.7983119999999999,21.69368277533707,South America,6.086
0.560716479,0.19847,0.77711,0.7299,0.0,9.891929735234216,Asia,4.35
0.5516649137999999,0.14037,0.62477,0.64083,0.560716479,8.016037977931743,Asia,4.36
0.5741524183477862,0.198303267359734,1.00748372077942,0.637524425983429,0.5516649137999999,12.065949038375624,Asia,4.37599992752075
0.543456,0.26,0.99,0.666,0.5741524183477862,12.855473315153876,Asia,4.321
0.69275,0.283,1.055,0.815,0.543456,11.10409430586254,Asia,4.559
1.2423097848,0.65124,1.30923,0.93156,0.0,3.0053715308863023,Oceania,7.284
1.229498816,0.56837,1.10476,0.8512,1.2423097848,2.3303239959500504,Oceania,7.313
1.2526781585679114,0.601607382297516,1.51004195213318,0.84388679265976,1.229498816,3.1610063070527565,Oceania,7.28399991989136
1.2194,0.647,1.573,0.91,1.2526781585679114,4.357220021606049,Oceania,7.272
1.4213920000000002,0.557,1.548,1.036,1.2194,4.662510165356465,Oceania,7.228
1.1906963365999998,0.62433,1.29704,0.89042,0.0,3.9198525189640057,Europe,7.2
1.168498647,0.54355,1.08383,0.80565,1.1906963365999998,3.2977240917665673,Europe,7.119
1.2124726609252143,0.567766189575195,1.4599449634552,0.815328419208527,1.168498647,4.613037958607683,Europe,7.00600004196167
1.194831,0.617,1.504,0.891,1.2124726609252143,6.214619230610305,Europe,7.139
1.398016,0.532,1.475,1.016,1.194831,6.0448342281054055,Europe,7.246
0.6557503505,0.3703,0.93793,0.64045,0.0,12.02474358974359,Asia,5.212
0.6124777991999999,0.35327,0.76042,0.54504,0.6557503505,13.480234001063641,Asia,5.291
0.6238398899004671,0.398155838251114,1.15240025520325,0.540775775909424,0.6124777991999999,25.450906487606122,Asia,5.23400020599365
0.617472,0.43,1.161,0.603,0.6238398899004671,37.43953563366656,Asia,5.201
0.802067,0.351,1.147,0.769,0.617472,32.76206798057697,Asia,5.208
0.9890605216000001,0.45492,1.21624,0.74716,0.0,7.004780279905546,Asia,5.96
0.9461800704,0.47375,0.94397,0.65696,0.9890605216000001,5.504840214602285,Asia,6.218
0.9721312169267434,0.536746919155121,1.32311046123505,0.653133034706116,0.9461800704,7.662277365855466,Asia,6.08699989318848
0.933924,0.594,1.366,0.698,0.9721312169267434,5.621167853174767,Asia,6.105
1.1863020000000002,0.536,1.368,0.871,0.933924,5.364495509980001,Asia,6.199
0.23916994919999998,0.4082,0.43106,0.60164,0.0,2.0310983367101727,Asia,4.694
0.28707850529999995,0.39778,0.24749,0.52989,0.23916994919999998,1.293524277426436,Asia,4.643
0.312843436113397,0.478356659412384,0.735131740570068,0.533241033554077,0.28707850529999995,4.267438178600625,Asia,4.60799980163574
0.30802799999999997,0.58,0.85,0.579,0.312843436113397,5.555192471080321,Asia,4.5
0.406326,0.527,0.928,0.723,0.30802799999999997,5.590024697307391,Asia,4.456
0.7595756735999999,0.37938,1.23289,0.73608,0.0,11.160405539965602,Europe,5.813
0.7134664448,0.29091,1.04993,0.63104,0.7595756735999999,7.53015850247436,Europe,5.802
0.7375532563398222,0.295400261878967,1.44494521617889,0.637714266777039,0.7134664448,9.313363936618957,Europe,5.56899976730347
0.7273,0.307,1.498,0.7,0.7375532563398222,14.83021483021483,Europe,5.483
0.841863,0.235,1.465,0.789,0.7273,15.58344856930114,Europe,5.323
1.1726829594,0.5845,1.28566,0.89667,0.0,5.777987506179497,Europe,6.937
1.1682353901,0.51354,1.05249,0.81959,1.1726829594,4.341776329359349,Europe,6.929
1.1975071388990877,0.539770722389221,1.46231269836426,0.818091869354248,1.1682353901,6.3163216140652505,Europe,6.89099979400635
1.183656,0.583,1.483,0.894,1.1975071388990877,7.887878304345514,Europe,6.927
1.337016,0.473,1.504,0.986,1.183656,9.399412536716454,Europe,6.923
0.3992573504,0.51231,0.68655,0.45569,0.0,2.8986700443318556,North America,5.956
0.4087630110373687,0.547509372234344,1.08141779899597,0.450191766023636,0.3992573504,4.50542615007534,North America,5.95599985122681
0.382518,0.593,1.101,0.474,0.4087630110373687,6.0160646959182555,North America,5.956
0.091470015,0.4845,0.35386,0.3191,0.0,1.9377909205410435,Africa,3.34
0.0830584972,0.39747,0.10419,0.21028,0.091470015,0.516277686933254,Africa,3.484
0.0904978507363497,0.425962775945663,1.25391757488251,0.209930211305618,0.0830584972,6.029654036666157,Africa,3.65700006484985
0.09072,0.44,1.255,0.24,0.0904978507363497,7.698914177044352,Africa,4.141
0.15602100000000002,0.349,1.2715,0.397,0.09072,7.265299125764242,Africa,4.883
0.4422750094,0.53206,1.10395,0.57407,0.0,2.2999437488281003,Asia,5.253
0.424294993,0.46074,0.90836,0.49759,0.4422750094,1.871093991389787,Asia,5.196
0.43905965229252786,0.501537680625916,1.34012651443481,0.495879292488098,0.424294993,2.826886186923967,Asia,5.01100015640259
0.41949200000000003,0.541,1.335,0.527,0.43905965229252786,3.667481662591687,Asia,5.082
0.49105199999999993,0.457,1.321,0.604,0.41949200000000003,3.5701737790870514,Asia,5.082
0.367373136,0.57414,0.97841,0.5392,0.0,4.764133028193018,South America,5.89
0.373045134,0.50961,0.83779,0.4697,0.367373136,3.860961334623715,South America,5.822
0.3948923303996495,0.558732926845551,1.22761905193329,0.473630249500275,0.373045134,5.442280036002362,South America,5.82299995422363
0.381508,0.606,1.223,0.508,0.3948923303996495,8.673143748670308,South America,5.752
0.547856,0.511,1.209,0.706,0.381508,8.824173417998685,South America,5.779
0.6581358063,0.09245,0.91916,0.79081,0.0,3.704945785803539,Europe,4.949
0.6608341378,0.09511,0.64367,0.70766,0.6581358063,2.1534626965540316,Europe,5.163
0.6927816696026843,0.204403176903725,1.0693359375,0.705186307430267,0.6608341378,3.2514719114636255,Europe,5.18200016021729
0.69357,0.28,1.078,0.758,0.6927816696026843,4.990509698625064,Europe,5.129
0.7985249999999999,0.212,1.212,0.845,0.69357,4.6081898026690995,Europe,5.386
0.047451948,0.49495,1.10464,0.04776,0.0,10.558593003249857,Africa,4.332
0.3802772352,0.44089,0.89186,0.34752,0.047451948,7.17737003058104,Africa,3.974
0.3834818592910097,0.505196332931519,1.22155499458313,0.341755509376526,0.3802772352,12.294425048952895,Africa,3.76600003242493
0.42408899999999994,0.557,1.174,0.417,0.3834818592910097,27.94572720780766,Africa,3.59
0.560058,0.455,1.145,0.538,0.42408899999999994,45.781687325069974,Africa,3.488
0.6839439048,0.49049,1.23287,0.69702,0.0,8.458799313893651,South America,6.983
0.667912691,0.40425,1.03938,0.61415,0.6839439048,6.587944476136147,South America,6.952
0.6827412273996746,0.437453746795654,1.43130600452423,0.616552352905273,0.667912691,8.815637677475163,South America,6.63500022888184
0.6655500000000001,0.493,1.474,0.675,0.6827412273996746,13.398781928915554,South America,6.419
0.805208,0.39,1.439,0.802,0.6655500000000001,14.533885466114535,South America,6.3
0.7758105183999999,0.30587,1.10614,0.76649,0.0,9.278141251467874,Europe,4.218
0.7547214635999999,0.21219,0.92542,0.67806,0.7758105183999999,7.233234328591528,Europe,4.217
0.8225658614763982,0.289231717586517,1.43437945842743,0.708217680454254,0.7547214635999999,12.67257422532405,Europe,4.71400022506714
0.750448,0.359,1.515,0.712,0.8225658614763982,23.668176847367597,Europe,4.933
0.88998,0.311,1.513,0.815,0.750448,18.676706579434637,Europe,5.011
0.07001505,0.39493,0.85188,0.27125,0.0,3.917049843663785,Africa,3.587
0.0681397515,0.3337,0.63054,0.21297,0.07001505,2.589061345158906,Africa,3.739
0.07559464120303458,0.324367851018906,1.04328000545502,0.215844258666039,0.0681397515,4.15857027262162,Africa,4.03200006484985
0.07975600000000001,0.312,1.097,0.254,0.07559464120303458,6.268213244957431,Africa,4.424
0.12578,0.255,1.056,0.38,0.07975600000000001,5.965764646065194,Africa,4.587
0.003426588,0.1185,0.41587,0.22396,0.0,2.1080190592051906,Africa,2.905
0.010756775699999999,0.0432,0.23442,0.15747,0.003426588,1.1552905228919224,Africa,2.905
0.013890970171642094,0.0599007532000542,0.629793584346771,0.151610791683197,0.010756775699999999,3.080500944961007,Africa,2.90499997138977
0.013194999999999998,0.065,0.627,0.145,0.013890970171642094,4.207771290517415,Africa,2.905
0.01748,0.22,1.2715,0.38,0.013194999999999998,7.22402136242259,Africa,3.775
0.28135663320000004,0.66246,0.62736,0.61114,0.0,1.554410307234886,Asia,3.819
0.23628363759999998,0.58852,0.5375,0.42494,0.28135663320000004,1.3324243926623698,Asia,3.907
0.25862865137173374,0.633375823497772,1.00623834133148,0.429783403873444,0.23628363759999998,2.607287855026899,Asia,4.16800022125244
0.25089300000000003,0.696,1.088,0.457,0.25862865137173374,4.249833990859732,Asia,4.433
0.36563799999999996,0.609,1.122,0.637,0.25089300000000003,4.835998448342744,Asia,4.7
0.09887345,0.49309,0.88767,0.23402,0.0,4.305106940200785,Africa,4.252
0.06666069060000002,0.42736,0.62542,0.12698,0.09887345,2.7574621930249985,Africa,4.513
0.07499173454665638,0.430388748645782,0.946018218994141,0.132892116904259,0.06666069060000002,4.003319355779944,Africa,4.69500017166138
0.09737,0.454,0.891,0.182,0.07499173454665638,4.868586416042839,Africa,4.975
0.18171900000000002,0.381,0.91,0.331,0.09737,4.86604994385327,Africa,5.044
1.2011280127000001,0.63297,1.32261,0.90563,0.0,2.88703833056841,North America,7.427
1.19186814,0.5737,1.0961,0.8276,1.2011280127000001,2.444741831158693,North America,7.404
1.2344813651748408,0.611100912094116,1.48134899139404,0.83455765247345,1.19186814,3.401101906543337,North America,7.31599998474121
1.19168,0.653,1.532,0.896,1.2344813651748408,4.77243699573222,North America,7.328
1.418235,0.584,1.505,1.039,1.19168,5.280516473106207,North America,7.278
0.005258715,0.48879,1.02951,0.06699,0.0,4.31913911730156,Africa,3.678
0.0,0.270842045545578,1.25391757488251,0.0187726859003305,0.005258715,4.46414345549983,Africa,2.69300007820129
0.00024,0.305,1.255,0.01,0.0,5.756616668960139,Africa,3.083
0.00273,0.225,1.2715,0.105,0.00024,5.410408067741798,Africa,3.083
0.051323693000000004,0.23501,0.76062,0.1501,0.0,4.136727035405449,Africa,3.667
0.0161426336,0.12807,0.63178,0.03824,0.051323693000000004,3.3842939790015,Africa,3.763
0.018017539437135327,0.16234202682972,0.953855872154236,0.0411347150802612,0.0161426336,4.4134688053200595,Africa,3.93600010871887
0.018973999999999998,0.189,0.907,0.053,0.018017539437135327,5.010772885475941,Africa,4.301
0.0672,0.174,0.766,0.192,0.018973999999999998,3.868491490328771,Africa,4.35
0.9505657755000001,0.44132,1.12447,0.85857,0.0,3.3703093154298047,South America,6.67
0.9962704609999998,0.37789,0.90587,0.81883,0.9505657755000001,2.8670401316622356,South America,6.705
1.0266315610889787,0.376895278692245,1.28402495384216,0.819479703903198,0.9962704609999998,3.93061939242147,South America,6.65199995040894
0.9138480000000001,0.431,1.331,0.808,1.0266315610889787,6.756002233389167,South America,6.476
1.0662800000000001,0.357,1.369,0.92,0.9138480000000001,7.320464146302337,South America,6.444
0.7268541896,0.51697,0.94675,0.81658,0.0,11.565477644759344,Asia,5.14
0.756059958,0.44012,0.79381,0.73561,0.7268541896,16.00423387096774,Asia,5.245
0.8015930758822367,0.472787708044052,1.16083741188049,0.741415500640869,0.756059958,40.283298639279955,Asia,5.27299976348877
0.790211,0.597,1.142,0.799,0.8015930758822367,39.36573595311961,Asia,5.246
0.918897,0.521,1.125,0.893,0.790211,19.393208067574555,Asia,5.191
0.6345482297,0.53466,1.24018,0.69077,0.0,6.739376154765786,South America,6.477
0.6146786087999999,0.44735,1.02169,0.59659,0.6345482297,6.5379791386702495,South America,6.481
0.6370501789538121,0.477487415075302,1.4021829366684,0.595027923583984,0.6146786087999999,9.409078313139519,South America,6.35699987411499
0.6096,0.531,1.439,0.635,0.6370501789538121,14.533885466114535,South America,6.26
0.8283849999999999,0.47,1.41,0.841,0.6096,14.24098575901424,South America,6.125
0.08681463899999999,0.22917,0.79273,0.36315,0.0,4.544948973741543,Africa,3.956
0.0824747329,0.15412,0.60323,0.29981,0.08681463899999999,3.3015707952493023,Africa,3.956
0.13837000000000002,0.142,0.757,0.505,0.0824747329,2.752627177193556,Africa,3.973
0.2107307166,0.41466,0.6629,0.31051,0.0,5.350714343369118,Africa,3.989
0.2175399108,0.37938,0.47799,0.28212,0.2107307166,3.9575260804769004,Africa,4.236
0.23456519879512425,0.435025870800018,0.832044363021851,0.28995743393898,0.2175399108,6.884243882294554,Africa,4.29099988937378
0.23392600000000002,0.514,0.811,0.343,0.23456519879512425,8.911108669376993,Africa,4.559
0.341884,0.372,0.799,0.508,0.23392600000000002,7.608799161984574,Africa,4.812
0.0,0.22605,1.0012,0.09806,0.0,4.0314072881014695,Africa,4.517
0.01064268,0.15602,0.80676,0.188,0.0,3.1688597352606154,Africa,4.272
0.01762903656731751,0.235961347818375,1.22902345657349,0.191407024860382,0.01064268,4.986587552679082,Africa,4.28000020980835
0.014076,0.312,1.136,0.204,0.01762903656731751,5.766204761179634,Africa,4.245
0.033558,0.269,1.125,0.357,0.014076,5.306353473892741,Africa,4.418
0.8222288606,0.63376,1.23788,0.86027,0.0,4.854812142128795,North America,7.226
0.8138408333999999,0.55225,1.02152,0.76146,0.8222288606,4.529218763855635,North America,7.087
0.8428322035445094,0.580131649971008,1.41640365123749,0.759509265422821,0.8138408333999999,6.599489056227571,North America,7.0789999961853
0.82517,0.632,1.459,0.817,0.8428322035445094,10.202083770365709,North America,7.072
0.995742,0.558,1.441,0.963,0.82517,10.006249566002362,North America,7.167
0.8530956470000001,0.25883,0.79624,0.78805,0.0,14.623324150596876,Europe,5.759
0.8367602076,0.23907,0.60809,0.70524,0.8530956470000001,3.298562516951451,Europe,5.488
0.857364653119001,0.255772292613983,0.96798300743103,0.701288521289825,0.8367602076,3.9029530726324633,Europe,5.29300022125244
0.821755,0.38,1.161,0.737,0.857364653119001,9.674193817181903,Europe,5.321
1.05567,0.296,1.266,0.914,0.821755,10.637761532644317,Europe,5.432
1.1157805428,0.40672,0.89318,0.92356,0.0,2.9151734717190507,Asia,5.689
1.119202216,0.29507,0.70697,0.8488,1.1157805428,2.533307055577454,Asia,5.546
1.1453808275029538,0.355111539363861,1.13136327266693,0.84471470117569,1.119202216,4.170704616123127,Asia,5.62099981307983
1.117161,0.423,1.191,0.909,1.1453808275029538,5.89574773526063,Asia,5.762
1.316046,0.406,1.223,1.042,1.117161,6.436503341929372,Asia,6.046
0.9960376733999999,0.46364,1.20643,0.84483,0.0,11.288762047347245,Africa,6.505
0.999876404,0.41418,1.00793,0.76376,0.9960376733999999,10.150352467270896,Africa,6.596
1.0205230886224121,0.490946173667908,1.43388521671295,0.754444003105164,0.999876404,16.27255966667659,Africa,6.60900020599365
1.052982,0.543,1.489,0.854,1.0205230886224121,23.26199031401344,Africa,6.711
1.16748,0.457,1.487,0.92,1.052982,32.319061073679634,Africa,6.852
1.1593178272,0.64938,1.36058,0.87464,0.0,3.985295840656121,Europe,7.527
1.1462727712,0.57941,1.16374,0.79504,1.1593178272,3.2172398540307423,Europe,7.526
1.1748856701429866,0.626006722450256,1.55112159252167,0.792565524578094,1.1462727712,4.365784173025569,Europe,7.52199983596802
1.172668,0.683,1.59,0.868,1.1748856701429866,5.5983944227315945,Europe,7.555
1.377468,0.592,1.573,0.996,1.172668,6.241815800960278,Europe,7.6
0.1597711275,0.46074,0.59207,0.36291,0.0,3.2721896761357354,Africa,4.369
0.5983310025,0.57672,1.17202,0.66825,0.0,5.404749827069403,North America,4.885
0.5927623503,0.52259,0.99496,0.57669,0.5983310025,4.674026401089867,North America,5.155
0.6205036801302107,0.55258983373642,1.40241670608521,0.574873745441437,0.5927623503,7.500443010225497,North America,5.23000001907349
0.6029479999999999,0.578,1.441,0.614,0.6205036801302107,12.007332722273146,North America,5.302
0.790685,0.497,1.401,0.779,0.6029479999999999,12.397132997079904,North America,5.425
0.683223815,0.48574,0.99903,0.79075,0.0,8.655605614278288,South America,5.975
0.6676456578000001,0.4027,0.85974,0.68613,0.683223815,8.533399503722084,South America,5.976
0.6861987171748049,0.4551981985569,1.28616881370544,0.685636222362518,0.6676456578000001,8.567463993479404,South America,6.00799989700317
0.654304,0.556,1.33,0.736,0.6861987171748049,11.66564336461714,South America,5.973
0.791616,0.498,1.312,0.868,0.654304,10.411872073644949,South America,6.028
0.544176416,0.17288,0.747,0.61712,0.0,6.615302869287992,Africa,4.194
0.49716058199999996,0.18847,0.49813,0.52116,0.544176416,3.9201227669788303,Africa,4.362
0.5148302701934925,0.282110154628754,0.997471392154694,0.520187258720398,0.49716058199999996,7.7538884091943885,Africa,4.7350001335144
0.48940500000000003,0.312,1.025,0.553,0.5148302701934925,11.140093468101293,Africa,4.419
0.587972,0.241,1.039,0.644,0.48940500000000003,13.669254045520326,Africa,4.166
0.5178764598,0.4035,1.02507,0.67737,0.0,9.586364911624427,North America,6.13
0.5207252,0.37269,0.80975,0.596,0.5178764598,9.120860554178869,North America,6.068
0.5422484385467354,0.432452529668808,1.18212509155273,0.596018552780151,0.5207252,15.103558438534417,North America,6.00299978256226
0.515034,0.461,1.231,0.639,0.5422484385467354,18.935548377172744,North America,6.167
0.6264660000000001,0.43,1.242,0.789,0.515034,13.353402859907538,North America,6.253
0.8909975814,0.44888,1.22791,0.77361,0.0,14.144798986291903,Europe,5.429
0.8714092472000001,0.41511,1.05163,0.68098,0.8909975814,12.483736942070276,Europe,5.517
0.9182334670276088,0.479131430387497,1.47667109966278,0.695168316364288,0.8714092472000001,14.930828995965458,Europe,5.61100006103516
0.8844,0.553,1.532,0.737,0.9182334670276088,17.81188233926288,Europe,5.739
1.0811380000000002,0.495,1.528,0.874,0.8844,14.833511309581596,Europe,5.893
0.0840261015,0.4345,0.60406,0.44055,0.0,2.48318671380416,Africa,4.512
0.10125475739999999,0.36703,0.37932,0.34578,0.0840261015,1.2848287775632559,Africa,4.508
0.11988853411816261,0.408842742443085,0.86466920375824,0.353409707546234,0.10125475739999999,2.765518956274179,Africa,4.46000003814697
0.12042800000000001,0.452,0.95,0.391,0.11988853411816261,4.31798554611154,Africa,4.35
0.17875200000000002,0.344,1.033,0.532,0.12042800000000001,4.942347256112147,Africa,4.286
1.1471741775,0.64169,1.31826,0.88911,0.0,5.6451695786228155,Europe,7.406
1.1401232418,0.57104,1.13464,0.81091,1.1471741775,4.450790413054564,Europe,7.413
1.1680772947845746,0.617950856685638,1.5402467250824,0.80915766954422,1.1401232418,6.274102120565276,Europe,7.4689998626709
1.1405699999999999,0.681,1.592,0.874,1.1680772947845746,7.880797980298005,Europe,7.632
1.32124,0.596,1.587,0.986,1.1405699999999999,10.37187111953467,Europe,7.769
1.2085115462,0.55011,1.26038,0.94579,0.0,10.219573501986542,Europe,6.575
1.1688396959999998,0.46562,1.00508,0.83795,1.2085115462,8.264780856837431,Europe,6.478
1.208366000102612,0.470222115516663,1.38777685165405,0.844465851783752,1.1688396959999998,10.693936832702274,Europe,6.44199991226196
1.1740439999999999,0.52,1.466,0.908,1.208366000102612,14.957657381899805,Europe,6.489
1.38358,0.436,1.472,1.045,1.1740439999999999,13.260066660661202,Europe,6.592
0.45984729280000003,0.31914,0.90528,0.43372,0.0,13.2680639015096,Africa,3.896
0.40478339399999996,0.28098,0.72368,0.3494,0.45984729280000003,11.588150520416331,Africa,4.121
0.42725611587809464,0.312328577041626,1.1556202173233,0.356578588485718,0.40478339399999996,26.386807494467007,Africa,4.46500015258789
0.418544,0.356,1.164,0.404,0.42725611587809464,36.36363636363636,Africa,4.758
0.603547,0.295,1.183,0.571,0.418544,27.505231341548477,Africa,4.799
0.131824,0.382,0.939,0.428,0.0,3.490576558492249,Africa,4.516
0.541037994,0.40577,0.38562,0.72926,0.0,6.950612833453497,Asia,4.297
0.536562072,0.32461,0.19249,0.64035,0.541037994,2.83615735965817,Asia,4.252
0.617467586011102,0.309410035610199,0.57061493396759,0.649546980857849,0.536562072,10.563262621469546,Asia,4.28599977493286
0.548479,0.375,0.592,0.643,0.617467586011102,15.574848724019994,Asia,4.34
0.666272,0.346,0.666,0.752,0.548479,15.484770983492211,Asia,4.519
1.1843187311999999,0.61477,1.29937,0.89186,0.0,4.605245436824384,Europe,6.75
1.1798258269,0.53466,1.09774,0.81487,1.1843187311999999,3.604702328177847,Europe,6.994
1.1887774762116563,0.562511384487152,1.47252035140991,0.798950731754303,1.1798258269,4.378862809757518,Europe,6.95100021362305
1.15374,0.586,1.474,0.861,1.1887774762116563,5.399069631149041,Europe,6.965
1.355151,0.495,1.454,0.987,1.15374,5.570667790506111,Europe,6.985
0.2189521656,0.42342,0.67954,0.40132,0.0,2.9432605682605684,Africa,4.633
0.1873078867,0.40973,0.49353,0.29681,0.2189521656,2.3275325410299943,Africa,4.276
0.19725683034774694,0.423026293516159,0.873664736747742,0.295637726783752,0.1873078867,3.4003476690125023,Africa,4.11999988555908
0.19950400000000001,0.499,0.896,0.337,0.19725683034774694,4.226215744540352,Africa,4.657
0.296946,0.381,0.868,0.486,0.19950400000000001,3.5427125423452104,Africa,4.996
1.0180309478,0.07699,0.92933,0.88213,0.0,92932.99999999999,Europe,4.857
0.9994501694,0.05822,0.75473,0.80029,1.0180309478,75473.0,Europe,5.033
1.0447413427414896,0.0957312509417534,1.23941457271576,0.810198903083801,0.9994501694,123941.45727157599,Europe,5.22700023651123
1.0143659999999999,0.131,1.202,0.879,1.0447413427414896,120199.99999999999,Europe,5.358
1.179819,0.067,1.156,0.999,1.0143659999999999,115599.99999999999,Europe,5.287
0.4803077025,0.57733,1.04356,0.64425,0.0,3.7961440523826844,North America,6.123
0.45097707060000003,0.50379,0.87119,0.54039,0.4803077025,3.024020271442952,North America,6.324
0.47109032236070575,0.531310617923737,1.25558519363403,0.540239989757538,0.45097707060000003,4.428897042768802,North America,6.4539999961853
0.474848,0.604,1.268,0.608,0.47109032236070575,7.083403161834535,North America,6.382
0.5968,0.535,1.269,0.746,0.474848,7.2510142277584135,North America,6.436
0.041816475299999996,0.37725,0.46475,0.24009,0.0,1.621711215018494,Africa,3.656
0.0422052035,0.30953,0.3109,0.18829,0.041816475299999996,1.0392779542035768,Africa,3.607
0.04747426741721319,0.348587512969971,0.791244685649872,0.194129139184952,0.0422052035,2.9878010403581956,Africa,3.50699996948242
0.072584,0.394,0.792,0.211,0.04747426741721319,4.280849683800875,Africa,3.964
0.14250000000000002,0.332,0.829,0.375,0.072584,4.004637457127675,Africa,4.534
0.10361660310000001,0.24425,0.74302,0.38847,0.0,1.6086862388499177,North America,4.518
0.0937462918,0.12072,0.29561,0.27494,0.10361660310000001,0.6163806584791175,North America,4.028
0.10222341464267637,0.0303698573261499,0.640449821949005,0.277321130037308,0.0937462918,1.3091410074027547,North America,3.6029999256134
0.09103499999999999,0.025,0.714,0.289,0.10222341464267637,1.8213821075992958,North America,3.582
0.14502700000000002,0.026,0.688,0.449,0.09103499999999999,1.6419655855468842,North America,3.597
0.413806932,0.40148,0.95348,0.6951,0.0,4.140524578773666,North America,4.788
0.40534733069999995,0.26755,0.75596,0.58383,0.413806932,3.698253510102245,North America,4.871
0.42560960125755576,0.348079860210419,1.14394497871399,0.582569479942322,0.40534733069999995,4.8431432421462866,North America,5.18100023269653
0.38564,0.459,1.205,0.622,0.42560960125755576,6.116440789807624,North America,5.504
0.5315759999999999,0.507,1.236,0.828,0.38564,5.024186008698833,North America,5.86
1.4044466111999998,0.59608,1.05818,1.01328,0.0,2.680361711289546,Asia,5.474
1.439349639,0.48079,0.87021,0.95277,1.4044466111999998,2.170207990423463,Asia,5.458
1.4471500000000002,0.524,1.29,1.03,1.439349639,5.243689280923539,Asia,5.43
1.613436,0.44,1.277,1.122,1.4471500000000002,4.949420565094376,Asia,5.43
1.4633262395669793,0.490968644618988,1.26279091835022,0.943062424659729,0.0,3.372156333476199,Asia,5.47200012207031
0.8508495070000001,0.32112,1.20215,0.75905,0.0,9.391063198187641,Europe,4.8
0.8392992336,0.1977,0.93164,0.67608,0.8508495070000001,9.40955459044541,Europe,5.145
0.8844720079153517,0.175863519310951,1.34313309192657,0.687763452529907,0.8392992336,17.12925157632128,Europe,5.32399988174438
0.857172,0.259,1.401,0.732,0.8844720079153517,22.96344861498115,Europe,5.62
0.994428,0.199,1.41,0.828,0.857172,17.40525861004814,Europe,5.758
1.2343909888,0.62877,1.40223,0.94784,0.0,3.2138387843505765,Europe,7.561
1.2373850178,0.56624,1.18326,0.86733,1.2343909888,2.481721512615617,Europe,7.501
1.234184796230408,0.627162635326385,1.6105740070343,0.833552122116089,1.2373850178,3.3867590357474984,Europe,7.50400018692017
1.227502,0.677,1.644,0.914,1.234184796230408,4.657091867085918,Europe,7.495
1.41588,0.591,1.624,1.026,1.227502,4.587441032739188,Europe,7.494
0.3323568971,0.39786,0.38174,0.51529,0.0,1.4418341139144888,Asia,4.565
0.33383572759999997,0.40285,0.29247,0.45091,0.3323568971,1.1685245115665828,Asia,4.404
0.360799435050661,0.469987004995346,0.754372596740723,0.455427616834641,0.33383572759999997,3.257946525571967,Asia,4.31500005722046
0.34968499999999997,0.539,0.747,0.485,0.360799435050661,4.342770769141329,Asia,4.19
0.44394,0.498,0.765,0.588,0.34968499999999997,3.8248087595620217,Asia,4.015
0.5283782811,0.46611,1.08708,0.63793,0.0,2.109360447066129,Asia,5.399
0.4695664896,0.39237,0.87625,0.49374,0.5283782811,3.9389103659084777,Asia,5.314
0.49014916555990923,0.443323463201523,1.27444469928741,0.492345720529556,0.4695664896,5.504007831164751,Asia,5.26200008392334
0.46927800000000003,0.538,1.215,0.522,0.49014916555990923,6.9823573357853,Asia,5.093
0.6144600000000001,0.491,1.203,0.66,0.46927800000000003,6.777082981240494,Asia,5.192
0.7041928399999999,0.30033,0.54447,0.69805,0.0,1.4295428886496706,Asia,4.686
0.7178439856000001,0.22544,0.38857,0.64232,0.7041928399999999,1.0082513817172216,Asia,4.813
0.7396273721994704,0.249322608113289,0.711551249027252,0.639333188533783,0.7178439856000001,1.837432914481288,Asia,4.69199991226196
0.7317689999999999,0.459,0.771,0.691,0.7396273721994704,2.733945604765789,Asia,4.707
0.8635000000000002,0.305,0.842,0.785,0.7317689999999999,3.1184030221102916,Asia,4.548
0.5936296112999999,0.0,0.81889,0.60237,0.0,4.5689337722479495,Asia,4.677
0.5489342024,0.24856,0.59205,0.51076,0.5936296112999999,3.022205206738131,Asia,4.575
0.5526569593646811,0.288555532693863,0.978613197803497,0.501180469989777,0.5489342024,4.901711038416,Asia,4.49700021743774
0.5413600000000001,0.304,0.971,0.536,0.5526569593646811,6.560367542733599,Asia,4.456
0.5986819999999999,0.241,0.98,0.574,0.5413600000000001,6.621174244983447,Asia,4.437
1.1961250668,0.61777,1.36948,0.89533,0.0,2.9834865583198993,Europe,6.94
1.2083116155,0.54008,1.16157,0.81455,1.1961250668,2.5833333333333335,Europe,6.907
1.2435885524341364,0.573110342025757,1.55823111534119,0.80978262424469,1.2083116155,3.641847344364828,Europe,6.97700023651123
1.268448,0.614,1.583,0.876,1.2435885524341364,5.156183837660011,Europe,6.977
1.4975010000000002,0.516,1.553,0.999,1.268448,5.211234522331465,Europe,7.021
1.1227532659,0.41319,1.22393,0.91387,0.0,3.6895366713893827,Asia,7.278
1.1359007422,0.36432,0.99537,0.84917,1.1227532659,3.0826906996190653,Asia,7.267
1.1531261250414107,0.405988603830338,1.37628996372223,0.83840399980545,1.1359007422,4.169404993025911,Asia,7.21299982070923
1.1487829999999999,0.533,1.559,0.883,1.1531261250414107,4.403830400271179,Asia,6.814
1.3130039999999998,0.371,1.455,1.029,1.1487829999999999,5.574499061338646,Asia,7.139
1.1941630844,0.26236,1.19777,0.95446,0.0,5.247853137048721,Europe,5.948
1.1530895490000002,0.18827,1.04167,0.85102,1.1941630844,6.243152532214564,Europe,5.977
1.1901932005509412,0.256450712680817,1.44492328166962,0.853144347667694,1.1530895490000002,8.361841571600255,Europe,5.96400022506714
1.195744,0.281,1.501,0.946,1.1901932005509412,10.955404714984306,Europe,6.0
1.344466,0.231,1.488,1.039,1.195744,9.417125498386177,Europe,6.223
0.070661879,0.46866,0.77115,0.15185,0.0,3.8240107110978876,Unknown,3.655
0.0248449332,0.40663,0.57576,0.04476,0.070661879,2.830817640985299,Unknown,3.916
0.029333607925209587,0.447706192731857,0.904780030250549,0.0486421696841717,0.0248449332,4.495857913881328,Unknown,4.17999982833862
0.043280000000000006,0.467,0.872,0.08,0.029333607925209587,5.972193685364016,Unknown,4.671
0.132008,0.352,0.808,0.232,0.043280000000000006,5.246412570612298,Unknown,4.944
0.5570633158,0.50442,1.15102,0.68741,0.0,5.4214120861005135,North America,5.709
0.5312544177,0.43597,0.96372,0.59469,0.5570633158,4.332104648026611,North America,5.51
0.5933170556876779,0.474307239055634,1.36821806430817,0.641022384166718,0.5312544177,5.85137832301409,North America,5.31099987030029
0.5675669999999999,0.575,1.493,0.693,0.5933170556876779,15.550463493386108,North America,5.89
0.690561,0.49,1.478,0.831,0.5675669999999999,13.811793290346698,North America,5.89
1.2594431214000001,0.49615,1.25712,0.99111,0.0,11.742200635157856,Asia,5.987
1.2626398437,0.46761,1.06054,0.91491,1.2594431214000001,10.372029339853302,Asia,5.921
1.2943178267517799,0.505625545978546,1.43633782863617,0.913475871086121,1.2626398437,11.911634229763745,Asia,5.92000007629395
1.278472,0.553,1.462,0.988,1.2943178267517799,18.503986837109228,Asia,5.915
1.443776,0.445,1.419,1.088,1.278472,20.562237356904795,Asia,5.886
0.6281298522,0.40661,1.05392,0.69639,0.0,9.534286231228513,Asia,5.192
0.6051347176,0.36023,0.86216,0.60712,0.6281298522,6.044731122484751,Asia,5.303
0.5991562413498809,0.418421149253845,1.23908889293671,0.604590058326721,0.6051347176,7.196454762193168,Asia,5.33599996566772
0.5301899999999999,0.468,1.265,0.645,0.5991562413498809,9.730020767633258,Asia,5.161
0.682155,0.383,1.225,0.815,0.5301899999999999,11.13535133169712,Asia,4.906
0.7225565472000001,0.51649,1.12241,0.64368,0.0,9.48943185661143,Asia,5.855
0.7055206998000001,0.4052,0.95544,0.57386,0.7225565472000001,6.364508393285371,Asia,5.919
0.7784944735356447,0.437454283237457,1.38436901569366,0.606041550636292,0.7055206998000001,6.854179824935314,Asia,5.81899976730347
0.721233,0.454,1.516,0.631,0.7784944735356447,10.242551178974393,Asia,5.79
0.855117,0.41,1.508,0.729,0.721233,10.328059721936853,Asia,5.809
0.15111758849999998,0.42215,0.99876,0.41435,0.0,2.660309511759849,Africa,4.419
0.1575693249,0.40576,0.7624,0.30147,0.15111758849999998,1.8447095259986934,Africa,4.356
0.17374210349823993,0.452763766050339,1.06795072555542,0.309988349676132,0.1575693249,2.4005888976632517,Africa,4.55299997329712
0.223822,0.504,1.048,0.454,0.17374210349823993,2.9771881480639757,Africa,4.41
0.29747199999999996,0.431,0.983,0.581,0.223822,2.642402085965431,Africa,4.509
0.5059903536,0.24749,0.81198,0.63132,0.0,2.868072480661227,Unknown,5.589
0.486783,0.14396,0.66062,0.54,0.5059903536,2.3599471296395524,Unknown,5.401
0.5151831694583885,0.260287940502167,1.13785350322723,0.541452050209045,0.486783,3.5564429432234332,Unknown,5.27899980545044
0.49418999999999996,0.448,1.23,0.578,0.5151831694583885,4.488887266888069,Unknown,5.662
0.668556,0.489,1.232,0.758,0.49418999999999996,4.702110606465402,Unknown,6.1
1.1266851624,0.55499,1.16594,0.72492,0.0,7.184299710394971,Asia,6.295
1.0279997266,0.43166,0.87758,0.63569,1.1266851624,5.496555179756984,Asia,6.239
1.032198565815546,0.496337592601776,1.25969874858856,0.632105708122253,1.0279997266,5.517739219062769,Asia,6.10500001907349
0.99495,0.554,1.301,0.675,1.032198565815546,7.789952697443265,Asia,6.083
1.2120000000000002,0.493,1.319,0.808,0.99495,9.288078304344765,Asia,6.021
0.3086993664,0.43477,1.15115,0.65088,0.0,3.8332056874562945,Asia,5.286
0.3107583756,0.40212,0.95434,0.55449,0.3086993664,2.483126479848047,Asia,5.185
0.32998264958249385,0.454943388700485,1.39423859119415,0.553457796573639,0.3107583756,3.2530795774180077,Asia,5.00400018692017
0.31482,0.54,1.416,0.594,0.32998264958249385,5.038966584819045,Asia,5.131
0.39837300000000003,0.508,1.438,0.723,0.31482,4.7931735608813035,Asia,5.261
0.32432549939999994,0.59591,0.73803,0.54909,0.0,1.7491764036688549,Unknown,4.876
0.2605396222,0.52168,0.5497,0.38291,0.32432549939999994,1.2759981429897864,Unknown,4.876
0.31751999999999997,0.626,1.034,0.441,0.2605396222,4.495456719273075,Unknown,4.623
0.42096400000000006,0.547,1.03,0.551,0.31751999999999997,3.8720348859065448,Unknown,4.796
0.8063107344,0.29671,1.09562,0.72437,0.0,6.010972732759093,Europe,5.098
0.7788586176,0.27996,0.95025,0.63952,0.8063107344,5.446807291069586,Europe,5.56
0.8050724303116135,0.325707912445068,1.40471494197845,0.638566970825195,0.7788586176,9.17605843185208,Europe,5.84999990463257
0.770308,0.363,1.454,0.671,0.8050724303116135,15.80263014889686,Europe,5.933
0.9638440000000001,0.264,1.465,0.812,0.770308,19.530729236101855,Europe,5.94
0.8609940108000002,0.33916,0.80001,0.83947,0.0,3.660535346602608,Asia,4.839
0.8551565828,0.26228,0.64184,0.76171,0.8609940108000002,2.7088714442474884,Asia,5.129
0.7902029914282996,0.288515985012054,1.12962424755096,0.735081076622009,0.8551565828,4.271424816001429,Asia,5.22499990463257
0.757525,0.503,1.179,0.785,0.7902029914282996,5.5090883603569925,Asia,5.358
0.8044049999999999,0.216,1.224,0.815,0.757525,7.373049816276127,Asia,5.197
0.028579254,0.31767,1.04103,0.07612,0.0,6.352004393190554,Africa,4.898
0.0,0.390661299228668,1.19009518623352,0.0,0.028579254,7.555811055020938,Africa,3.80800008773804
0.037288,0.423,1.215,0.079,0.0,10.47323506594259,Africa,3.808
0.082152,0.359,1.169,0.168,0.037288,10.924212690402767,Africa,3.802
0.024351111999999998,0.28531,0.78968,0.34201,0.0,3.241308541641013,Africa,4.571
0.024800449,0.25748,0.50353,0.23165,0.024351111999999998,2.0924617686170213,Africa,3.622
0.027369874401209804,0.332881182432175,0.872117936611176,0.229918196797371,0.024800449,3.271752370834242,Africa,3.53299999237061
0.020292,0.419,0.858,0.267,0.027369874401209804,4.164846366681229,Africa,3.495
0.032339,0.37,0.922,0.443,0.020292,3.9569117205270157,Africa,3.975
0.79631451,0.41668,1.11862,0.7038,0.0,6.1140139921294265,Africa,5.754
0.5580209152,0.40672,0.95076,0.52304,0.79631451,5.563904494382022,Africa,5.615
0.5731238198824812,0.465733230113983,1.35756433010101,0.520169019699097,0.5580209152,8.92643083744513,Africa,5.52500009536743
0.544705,0.496,1.35,0.553,0.5731238198824812,11.636927851047323,Africa,5.566
0.7026120000000001,0.416,1.303,0.673,0.544705,9.796255920607472,Africa,5.525
0.8389463544,0.21342,1.25745,0.73128,0.0,47.59462528387585,Europe,5.833
0.8208424080000001,0.18929,1.06411,0.64674,0.8389463544,52.522704837117466,Europe,5.813
0.8268064890868037,0.234231784939766,1.47351610660553,0.62894994020462,0.8208424080000001,144.82219434787274,Europe,5.90199995040894
0.857052,0.35,1.527,0.716,0.8268064890868037,58.70818915801615,Europe,5.952
1.012684,0.291,1.515,0.818,0.857052,35.22436642641246,Europe,6.149
1.4371394553999999,0.61583,1.21963,0.91894,0.0,4.350383449259854,Europe,6.946
1.4351173583999999,0.5487,1.03999,0.84542,1.4371394553999999,3.771906281735093,Europe,6.871
1.472098235694958,0.59662789106369,1.45758366584778,0.845089495182037,1.4351173583999999,5.1469988775769115,Europe,6.86299991607666
1.412096,0.632,1.52,0.896,1.472098235694958,7.754706392530993,Europe,6.91
1.628308,0.526,1.479,1.012,1.412096,7.623318385650224,Europe,7.09
0.6755181795,0.33457,1.00232,0.73545,0.0,4.482647584973166,Europe,5.007
0.659874434,0.27668,0.78236,0.64738,0.6755181795,3.3280585332652715,Europe,5.121
0.6865976077978433,0.325905978679657,1.20789301395416,0.644948184490204,0.659874434,4.759776281911805,Europe,5.17500019073486
0.662669,0.394,1.239,0.691,0.6865976077978433,7.161435755158662,Europe,5.185
0.09729181040000001,0.19184,0.66801,0.46721,0.0,3.1311990250304675,Africa,3.681
0.1037344986,0.13684,0.46115,0.37109,0.09729181040000001,2.0922371943196767,Africa,3.695
0.11474654971176149,0.189196765422821,0.913020372390747,0.375223308801651,0.1037344986,4.373906794722739,Africa,3.64400005340576
0.10532400000000001,0.221,0.908,0.402,0.11474654971176149,5.857686600864461,Africa,3.774
0.15207000000000004,0.148,0.916,0.555,0.10532400000000001,5.419797645109757,Africa,3.933
0.0036189447999999996,0.43054,0.41134,0.22562,0.0,1.241631199251411,Africa,4.292
0.025573107600000002,0.4143,0.147,0.29364,0.0036189447999999996,0.4746682166037004,Africa,4.156
0.07355515459453346,0.466914653778076,0.512568831443787,0.315089583396912,0.025573107600000002,1.7848317884240148,Africa,3.97000002861023
0.056916,0.531,0.541,0.306,0.07355515459453346,2.5760678062949385,Africa,3.587
0.094545,0.443,0.56,0.495,0.056916,2.5686895096555205,Africa,3.41
0.8143311484,0.53024,1.07023,0.72394,0.0,3.235669367517233,Asia,5.77
0.7804605971999999,0.39031,0.88025,0.62366,0.8143311484,2.1223628691983123,Asia,6.005
0.7989839944855264,0.402264982461929,1.28464603424072,0.618784427642822,0.7804605971999999,3.08350375574387,Asia,6.08400011062622
0.7767090000000001,0.356,1.258,0.669,0.7989839944855264,4.0448860165267995,Asia,6.322
1.010988,0.508,1.171,0.828,0.7767090000000001,4.50367293565632,Asia,5.339
0.053668114200000006,0.38857,1.03526,0.20583,0.0,5.506995052928347,Africa,3.995
0.0511530324,0.27544,0.86333,0.16347,0.053668114200000006,4.098409684310468,Africa,4.073
0.08064863040595847,0.306613743305206,1.28147339820862,0.169365674257278,0.0511530324,6.988678300715186,Africa,4.19000005722046
0.05624,0.367,1.233,0.152,0.08064863040595847,8.86986547730379,Africa,4.447
0.11858,0.327,1.105,0.308,0.05624,7.221750212404418,Africa,4.39
1.071217354,0.60365,1.30203,0.88721,0.0,2.515854153382413,Europe,6.302
1.050375633,0.54994,1.09879,0.80315,1.071217354,4.9392699811202005,Europe,6.488
1.1041011216557293,0.588767051696777,1.48841166496277,0.821944236755371,1.050375633,2.5897104354316,Europe,6.52699995040894
1.1226800000000001,0.645,1.525,0.884,1.1041011216557293,4.055743198319194,Europe,6.627
1.2987,0.564,1.52,0.999,1.1226800000000001,4.053225247326738,Europe,6.726
0.16289307179999998,0.24232,0.86908,0.35874,0.0,3.9682206291950135,Africa,4.436
0.17581768489999997,0.1268,0.84142,0.28639,0.16289307179999998,3.70882002909155,Africa,4.201
0.18503682022122073,0.0960980430245399,1.2720308303833,0.285349279642105,0.17581768489999997,6.300924697216752,Africa,4.29199981689453
0.162644,0.129,1.245,0.292,0.18503682022122073,9.290351466308485,Africa,4.356
0.27873,0.066,1.167,0.489,0.162644,11.008395434392982,Africa,4.49
0.7148992949999999,0.56066,0.98521,0.7095,0.0,2.6101735329182674,Africa,5.477
0.7570168308,0.46145,0.75695,0.66189,0.7148992949999999,2.048468283178177,Africa,5.648
0.7588432342295258,0.491247326135635,1.20956099033356,0.638007462024689,0.7570168308,3.351106612665608,Africa,5.62900018692017
0.7455600000000001,0.584,1.387,0.684,0.7588432342295258,5.660993428839639,Africa,5.891
0.8937600000000001,0.498,1.402,0.798,0.7455600000000001,6.520626947583833,Africa,5.888
0.8311685976000001,0.48181,0.91451,0.81444,0.0,6.4974067495559495,North America,7.187
0.7933013644000001,0.37709,0.7146,0.71143,0.8311685976000001,6.088957055214724,North America,6.778
0.8187362911790542,0.412730008363724,1.210862159729,0.709978997707367,0.7933013644000001,10.007089493157482,North America,6.57800006866455
0.789918,0.479,1.252,0.761,0.8187362911790542,18.142298217649614,North America,6.488
0.92127,0.433,1.323,0.861,0.789918,17.875962707742197,North America,6.595
0.3675432048,0.32818,1.01528,0.61826,0.0,4.845742649866361,Europe,5.889
0.3618579693,0.25202,0.83132,0.52309,0.3675432048,4.157015701570156,Europe,5.897
0.4296438724995961,0.240729048848152,1.25182557106018,0.589465200901031,0.3618579693,5.995645427567194,Europe,5.83799982070923
0.40734000000000004,0.232,1.301,0.62,0.4296438724995961,7.607742237296063,Europe,5.64
0.5062150000000001,0.245,1.328,0.739,0.40734000000000004,7.336611236948235,Europe,5.529
0.49913354919999997,0.43626,1.3006,0.60268,0.0,3.913815413318889,Asia,4.874
0.5483277057,0.35972,1.08983,0.55469,0.49913354919999997,3.155269253039954,Asia,4.907
0.5729752004716192,0.394143968820572,1.4930112361908,0.557783484458923,0.5483277057,4.411004154945347,Asia,4.95499992370605
0.52555,0.395,1.517,0.575,0.5729752004716192,5.995810442275008,Asia,5.125
0.632316,0.317,1.531,0.667,0.52555,6.514616399302157,Asia,5.285
0.7066301198,0.1826,0.90557,0.72521,0.0,5.610371104640357,Europe,5.192
0.6851271653999998,0.15111,0.74173,0.63533,0.7066301198,4.314390414146114,Europe,5.161
0.7483140259529957,0.194989055395126,1.23837649822235,0.667464673519135,0.6851271653999998,6.25692244617998,Europe,5.23699998855591
0.7413929999999999,0.259,1.279,0.729,0.7483140259529957,11.521484550941356,Europe,5.347
0.9154209999999999,0.197,1.361,0.871,0.7413929999999999,9.583832124498274,Europe,5.523
0.4478838966,0.41691,0.64095,0.60954,0.0,8.935591802593057,Africa,5.013
0.49990133179999996,0.25646,0.38595,0.59471,0.4478838966,9.520226936359151,Africa,5.151
0.5248584537684948,0.408158332109451,0.774864435195923,0.59771066904068,0.49990133179999996,24.04920899013874,Africa,5.2350001335144
0.521151,0.46,0.797,0.669,0.5248584537684948,30.642060745866978,Africa,5.254
0.6263820000000001,0.418,0.782,0.782,0.521151,21.71618994723688,Africa,5.208
0.0075860348000000005,0.34037,1.02626,0.09131,0.0,4.608262236192187,Africa,4.971
0.02498973681044072,0.480791091918945,0.870701014995575,0.106654435396194,0.0075860348000000005,2.702042385807732,Africa,4.55000019073486
0.034254,0.531,0.902,0.173,0.02498973681044072,4.378428231639241,Africa,4.417
0.07955999999999999,0.494,0.986,0.39,0.034254,5.004822090249226,Africa,4.466
0.1307852568,0.44017,0.70905,0.48246,0.0,3.2805126307023222,Asia,4.307
0.13603865599999998,0.42692,0.69981,0.3988,0.1307852568,3.145779016452396,Asia,4.395
0.14593472899429838,0.514492034912109,1.12323594093323,0.397522568702698,0.13603865599999998,4.850975031399135,Asia,4.54500007629395
0.292578,0.58,1.174,0.429,0.14593472899429838,6.7467386931785525,Asia,4.308
0.39405,0.525,1.181,0.555,0.292578,6.65314630161681,Asia,4.36
0.3241256815,0.48614,0.70362,0.34745,0.0,9.02539763981529,Africa,4.574
0.3265688539994136,0.520303547382355,1.0984708070755,0.33861181139946,0.3241256815,14.239272512831361,Africa,4.57399988174438
0.31901,0.519,1.281,0.365,0.3265688539994136,25.11272299549108,Africa,4.441
0.41928299999999996,0.401,1.313,0.477,0.31901,18.754463648050276,Africa,4.639
0.20472933780000002,0.38282,0.86449,0.56874,0.0,2.6766882372975815,Asia,4.514
0.2234557698,0.37012,0.69699,0.50073,0.20472933780000002,1.82644584785514,Asia,4.793
0.24189212791660358,0.440305948257446,1.17928326129913,0.504130780696869,0.2234557698,2.992298429585948,Asia,4.96199989318848
0.229075,0.526,1.228,0.539,0.24189212791660358,4.066090526803748,Asia,4.88
0.30194200000000004,0.439,1.226,0.677,0.229075,4.301603452510438,Asia,4.913
1.1869772096,0.61576,1.28017,0.89284,0.0,2.6888114091281423,Europe,7.378
1.1897742108,0.55211,1.02912,0.81231,1.1869772096,2.170360841048569,Europe,7.339
1.2192420881721135,0.585384488105774,1.42893922328949,0.810696125030518,1.1897742108,3.0370663980084345,Europe,7.3769998550415
1.194958,0.638,1.488,0.878,1.2192420881721135,4.468334284255728,Europe,7.441
1.394604,0.557,1.522,0.999,1.194958,4.726561286916555,Europe,7.488
1.1356260066000001,0.63938,1.31967,0.90837,0.0,2.778135657446002,Oceania,7.286
1.1306540336,0.58147,1.17278,0.83096,1.1356260066000001,2.3739524715598557,Oceania,7.334
1.1481240578548437,0.614062130451202,1.54819512367249,0.816759705543518,1.1306540336,3.0962965781842966,Oceania,7.31400012969971
1.110768,0.669,1.601,0.876,1.1481240578548437,4.386181200515054,Oceania,7.324
1.336878,0.585,1.557,1.026,1.110768,4.718038847307657,Oceania,7.307
0.44086780500000006,0.55475,1.14184,0.74314,0.0,4.1049755536381936,North America,5.828
0.4524738792,0.46582,0.89521,0.65213,0.44086780500000006,3.006683683750923,North America,5.992
0.48152713181542584,0.447551846504211,1.28721570968628,0.653095960617065,0.4524738792,4.266765171037376,North America,6.07100009918213
0.4676,0.527,1.319,0.7,0.48152713181542584,6.341041296091534,North America,6.141
0.57949,0.435,1.325,0.835,0.4676,6.624668766561671,North America,6.105
0.020616658,0.47692,0.77265,0.29707,0.0,3.9851970290901586,Africa,3.845
0.034716974000000005,0.38041,0.6053,0.26162,0.020616658,2.8863668876066946,Africa,3.856
0.04347776207330744,0.36365869641304,0.993025004863739,0.26850500702858,0.034716974000000005,4.342348724127068,Africa,4.02799987792969
0.028951,0.39,0.867,0.221,0.04347776207330744,4.954002628421233,Africa,4.166
0.050508000000000004,0.318,0.774,0.366,0.028951,4.1168022977501195,Africa,4.628
0.1047418045,0.34334,0.90432,0.16007,0.0,3.3205551883674818,Africa,5.268
0.038420332800000005,0.27854,0.64498,0.05108,0.1047418045,2.777691645133505,Africa,4.875
0.04460805964470183,0.394952565431595,1.21577048301697,0.0569157302379608,0.038420332800000005,5.264051094866997,Africa,5.07399988174438
0.033072,0.462,1.172,0.048,0.04460805964470183,5.830555693746579,Africa,5.155
0.17051999999999998,0.426,1.111,0.245,0.033072,5.167201525510441,Africa,5.265
1.1157158936,0.49027,1.07008,0.92356,0.0,4.0889568207871605,Asia,5.695
1.1034466021999998,0.43596,0.81826,0.84142,1.1157158936,3.1085362610644682,Asia,5.771
1.1241958060248245,0.471203625202179,1.18630337715149,0.834647238254547,1.1034466021999998,4.445486318108795,Asia,5.80999994277954
0.823754,0.345,1.294,0.838,0.0,6.994216528836279,Europe,5.274
1.117161,0.495,1.211,0.909,0.0,6.764985196357745,Asia,5.835
1.316046,0.417,1.252,1.042,1.117161,6.554630647610073,Asia,5.718
1.2915213900000002,0.66973,1.33095,0.88521,0.0,3.8355907780979828,Europe,7.522
1.2553109776,0.59609,1.1269,0.79579,1.2915213900000002,2.9736647667299976,Europe,7.498
1.2877820722330293,0.635422587394714,1.53352355957031,0.796666502952576,1.2553109776,4.235992714048158,Europe,7.53700017929077
1.2536159999999998,0.686,1.582,0.861,1.2877820722330293,5.531275130240202,Europe,7.594
1.5296640000000001,0.603,1.582,1.028,1.2536159999999998,5.837422973322017,Europe,7.554
1.0374375035999999,0.63274,1.08182,0.76276,0.0,5.021677575082393,Asia,6.853
0.30644400380000003,0.12102,0.41411,0.51466,0.0,1.2298348776431456,Asia,5.194
0.2773697696,0.14622,0.26135,0.40306,0.30644400380000003,0.8380362983389983,Asia,5.132
0.29224191208280464,0.23521526157856,0.672690689563751,0.402047783136368,0.2773697696,2.1324389096394034,Asia,5.26900005340576
0.276448,0.334,0.81,0.424,0.29224191208280464,3.7498263969260686,Asia,5.472
0.36219500000000004,0.313,0.886,0.535,0.276448,4.0270896777419205,Asia,5.653
0.39521200050000005,0.24499,0.92558,0.66015,0.0,8.225915392819054,Unknown,4.715
0.3809912255999999,0.17744,0.71629,0.56844,0.39521200050000005,6.421246077991932,Unknown,4.754
0.4051585328701751,0.25471106171608,1.15564715862274,0.565666973590851,0.3809912255999999,10.120993480091162,Unknown,4.77500009536743
0.386484,0.266,1.217,0.602,0.4051585328701751,14.149517497965356,Unknown,4.743
0.44150400000000006,0.225,1.247,0.672,0.386484,12.105620813513253,Unknown,4.696
0.8472186333000001,0.5421,1.1985,0.79661,0.0,4.904849600982197,North America,6.786
0.8380205510000001,0.48927,0.98912,0.70835,0.8472186333000001,4.09048426450519,North America,6.701
0.8712190266229524,0.550026834011078,1.37319254875183,0.706156134605408,0.8380205510000001,6.521406226828638,North America,6.4520001411438
0.8440080000000001,0.597,1.438,0.759,0.8712190266229524,11.503079753619708,North America,6.43
1.04559,0.516,1.442,0.91,0.8440080000000001,13.228144206953491,North America,6.321
0.502245653,0.53899,1.30477,0.66098,0.0,3.8105487573376946,South America,5.878
0.5209999035,0.46235,1.11111,0.58295,0.502245653,4.392259951772937,South America,5.538
0.5401728875800416,0.473507791757584,1.50728487968445,0.579250693321228,0.5209999035,6.724127665668623,South America,5.49300003051758
0.513525,0.541,1.522,0.615,0.5401728875800416,9.394481822109746,South America,5.681
0.664335,0.514,1.475,0.777,0.513525,8.015868702787893,South America,5.743
0.6572917323,0.41496,0.97459,0.73017,0.0,6.504638590402455,South America,5.824
0.6274328388000001,0.37502,0.81255,0.62994,0.6572917323,5.592992841409691,South America,5.743
0.6523638862380703,0.450002878904343,1.21877038478851,0.630166113376617,0.6274328388000001,9.609501887729119,South America,5.71500015258789
0.6295160000000001,0.53,1.249,0.674,0.6523638862380703,13.574611455276603,South America,5.663
0.8198399999999999,0.455,1.274,0.854,0.6295160000000001,15.34754848813396,South America,5.697
0.40988966479999994,0.62545,1.03516,0.58114,0.0,4.14196542893726,Asia,5.073
0.38201228119999997,0.54854,0.87877,0.47036,0.40988966479999994,4.054302191464822,Asia,5.279
0.4014109989883429,0.585214674472809,1.25391757488251,0.468009054660797,0.38201228119999997,6.4794098518915515,Asia,5.42999982833862
0.397575,0.643,1.312,0.513,0.4014109989883429,10.932422298141823,Asia,5.524
0.5301990000000001,0.558,1.293,0.657,0.397575,11.050337577984786,Asia,5.631
0.8768372165,0.53122,1.27948,0.77903,0.0,7.634128878281623,Europe,5.791
0.8603590929999999,0.4519,1.04685,0.69058,0.8768372165,7.24764608141789,Europe,5.835
0.9035737648531351,0.520342111587524,1.44571197032928,0.699475347995758,0.8603590929999999,9.122594431872473,Europe,5.97300004959106
0.9184559999999999,0.546,1.448,0.781,0.9035737648531351,13.406166095731876,Europe,6.123
1.066104,0.483,1.438,0.884,0.9184559999999999,12.289547901888726,Europe,6.182
1.0151416329,0.51469,1.13935,0.87519,0.0,8.30430029154519,Europe,5.102
1.0127274340999999,0.44727,0.94367,0.79363,1.0151416329,8.071074238795758,Europe,5.123
1.0466737645281665,0.498465299606323,1.36704301834106,0.795843541622162,1.0127274340999999,14.372873848680863,Europe,5.19500017166138
1.050192,0.562,1.429,0.884,1.0466737645281665,25.977095073622976,Europe,5.41
1.2197790000000002,0.508,1.431,0.999,1.050192,30.440331844288448,Europe,5.693
1.0570655794,0.46823,1.08113,0.77758,0.0,4.869296941854704,North America,7.039
1.3478225786,0.6404,1.0786,0.79733,0.0,3.3112298151900283,Asia,6.611
1.3084211721,0.56679,0.87964,0.71723,1.3478225786,2.7158603229491494,Asia,6.375
1.328427136352277,0.604130983352661,1.27429687976837,0.710098087787628,1.3084211721,3.8558519652352348,Asia,6.375
1.233452,0.654,1.303,0.748,1.328427136352277,5.089644935744697,Asia,6.374
1.466764,0.555,1.313,0.871,1.233452,5.967910549520476,Asia,6.374
0.8023087050000001,0.35068,0.88588,0.7689,0.0,6.443232235071641,Europe,5.124
0.790740594,0.36712,0.72803,0.67602,0.8023087050000001,5.648021722265321,Europe,5.528
0.8343062536225234,0.457003742456436,1.15009129047394,0.685158312320709,0.790740594,8.612985839094465,Europe,5.82499980926514
0.810216,0.528,1.219,0.726,0.8343062536225234,13.850698784229067,Europe,5.945
0.9586499999999999,0.462,1.232,0.825,0.810216,14.84158535116251,Europe,6.07
0.7613769464,0.36679,1.23617,0.66926,0.0,618.085,Europe,5.716
0.7269342948,0.32682,1.05261,0.58991,0.7613769464,38.458531238582395,Europe,5.856
0.7015803875086993,0.373783111572266,1.46928238868713,0.547349333763123,0.7269342948,28.107422052678842,Europe,5.96299982070923
0.689449,0.399,1.479,0.599,0.7015803875086993,22.75034610059991,Europe,5.81
0.858858,0.334,1.452,0.726,0.689449,17.705157907572247,Europe,5.648
0.0951923712,0.59201,0.7737,0.42864,0.0,3.419064032878165,Africa,3.465
0.10466377899999998,0.5432,0.61586,0.31865,0.0951923712,2.6147836793614396,Africa,3.515
0.12036780714725101,0.581843852996826,0.945707023143768,0.326424807310104,0.10466377899999998,3.7414324445038054,Africa,3.47099995613098
0.1328,0.636,0.896,0.4,0.12036780714725101,4.47977601119944,Africa,3.408
0.22042599999999998,0.555,0.711,0.614,0.1328,3.276346712133081,Africa,3.334
1.0050440525,0.31048,1.08393,0.72025,0.0,7.907857299190195,Asia,6.411
0.8827997451,0.37904,0.84829,0.59267,1.0050440525,5.487708629835683,Asia,6.379
0.9032949345442339,0.449750572443008,1.28667759895325,0.590148329734802,0.8827997451,8.715791784228085,Asia,6.3439998626709
0.872907,0.509,1.331,0.633,0.9032949345442339,13.580246913580247,Asia,6.371
1.115385,0.439,1.357,0.795,0.872907,16.96037995250594,Asia,6.375
0.158912292,0.36772,0.97619,0.4354,0.0,4.683314143158703,Africa,3.904
0.17928114979999998,0.31056,0.77416,0.40457,0.158912292,4.052345058626465,Africa,4.219
0.1962113086847204,0.377922266721725,1.17969191074371,0.409362852573395,0.17928114979999998,6.42957830385638,Africa,4.53499984741211
0.185757,0.406,1.117,0.433,0.1962113086847204,8.09361640460836,Africa,4.631
0.25695,0.292,1.134,0.571,0.185757,7.411280308476569,Africa,4.681
0.6888878308,0.20107,1.00964,0.74836,0.0,5.249792013311148,Europe,5.123
0.667996146,0.15718,0.81329,0.6458,0.6888878308,3.9217378725045804,Europe,5.177
0.6958954893472229,0.208715528249741,1.25818979740143,0.65078467130661,0.667996146,5.715514324977215,Europe,5.39499998092651
0.667875,0.288,1.369,0.685,0.6958954893472229,10.215655548093425,Europe,5.398
0.857416,0.282,1.383,0.854,0.667875,10.094153711407925,Europe,5.603
0.0,0.4084,0.95571,0.0,0.0,4.447438224207734,Africa,4.507
0.0,0.30685,0.628,0.0,0.0,2.6278349652690602,Africa,4.635
0.002050171798992219,0.318697690963745,0.984136044979095,0.0055647538974881,0.0,3.3582426813976394,Africa,4.70900011062622
0.0,0.355,0.813,0.0,0.002050171798992219,3.4158228645855213,Africa,4.571
0.064856,0.309,0.841,0.242,0.0,3.33716915995397,Africa,4.374
1.560286965,0.54252,1.02,1.02525,0.0,3.279110139522922,Asia,6.798
1.5586485045,0.4877,0.86758,0.94719,1.560286965,2.6525820160821842,Asia,6.739
1.6068047776763206,0.549840569496155,1.35381436347961,0.949492394924164,1.5586485045,3.913029909402354,Asia,6.57200002670288
1.541232,0.631,1.451,1.008,1.6068047776763206,5.559173978008506,Asia,6.343
1.793652,0.556,1.463,1.141,1.541232,5.398324785063282,Asia,6.262
0.9222933682,0.31751,1.26999,0.78902,0.0,7.517402628152006,Europe,5.995
0.9005076091,0.23391,1.08268,0.70367,0.9222933682,7.823963000433589,Europe,6.078
0.9446516086378952,0.295817464590073,1.50505924224854,0.712732911109924,0.9005076091,11.021675979509302,Europe,6.09800004959106
0.93896,0.354,1.537,0.776,0.9446516086378952,13.024319972883655,Europe,6.173
1.097726,0.334,1.504,0.881,0.93896,12.428724898768698,Europe,6.198
1.0349259826,0.60855,1.27385,0.87337,0.0,5.029215523708002,Europe,5.848
1.0285434997,0.53164,1.05613,0.79151,1.0349259826,4.103228563658262,Europe,5.768
1.0606635284169126,0.572575807571411,1.45251882076263,0.790828227996826,1.0285434997,5.985841293590614,Europe,5.75799989700317
1.043464,0.633,1.506,0.856,1.0606635284169126,9.411911755515279,Europe,5.948
1.198874,0.564,1.523,0.953,1.043464,10.57565446843969,Europe,6.118
0.0,0.56778,0.33613,0.11466,0.0,1.2345919341805627,Africa,5.44
0.0025810770386342,0.602126955986023,0.721151351928711,0.113989137113094,0.0,2.4727338833285266,Africa,5.15100002288818
0.0,0.674,0.712,0.115,0.0025810770386342,2.9914709465988825,Africa,4.982
0.0,0.559,0.698,0.268,0.0,2.8723097814904732,Africa,4.668
0.08461742639999999,0.3913,0.75862,0.33108,0.0,1.4736208236208237,Africa,5.057
0.08268744310000001,0.46582,0.95152,0.43873,0.0,1.890975575826229,Africa,5.057
0.2548652712,0.33207,1.18468,0.27688,0.0,9.893769834641724,Africa,4.642
0.1906064176,0.42483,0.96053,0.18611,0.2548652712,7.03324302555466,Africa,4.459
0.1973131080832398,0.479246735572815,1.38478863239288,0.187080070376396,0.1906064176,9.935889975484365,Africa,4.8289999961853
0.3102,0.516,1.41,0.33,0.1973131080832398,13.687991457140084,Africa,4.724
0.45024,0.389,1.351,0.469,0.3102,10.391508345511882,Africa,4.722
1.2015216018000001,0.33208,0.95774,0.96538,0.0,5.160793188921219,South America,5.984
1.205111046,0.25168,0.72194,0.88645,1.2015216018000001,3.8350066401062417,South America,5.835
1.2618106644329878,0.257921665906906,1.12827444076538,0.900214076042175,1.205111046,5.458924911004137,South America,5.83799982070923
1.20903,0.244,1.204,0.955,1.2618106644329878,6.87960687960688,South America,5.875
1.347836,0.159,1.219,1.036,1.20903,6.96531626764185,South America,5.895
0.062167671400000006,0.19662,0.18519,0.15781,0.0,0.715019305019305,Africa,3.832
0.06494459036986182,0.147062435746193,0.601323127746582,0.163486003875732,0.062167671400000006,2.104877514266389,Africa,3.59100008010864
0.059649,0.112,0.608,0.177,0.06494459036986182,2.7141645462256148,Africa,3.254
0.09026999999999999,0.01,0.575,0.295,0.059649,2.846393742884015,Africa,2.853
1.1755177182,0.45951,1.31379,0.95562,0.0,7.2075378538512185,Europe,6.329
1.1800301688,0.37545,1.12945,0.87896,1.1755177182,6.393354466206272,Europe,6.361
1.230675155984532,0.408781230449677,1.53209090232849,0.888960599899292,1.1800301688,8.057547721634453,Europe,6.40299987792969
1.207215,0.449,1.538,0.965,1.230675155984532,10.83022322371664,Europe,6.31
1.3657320000000002,0.362,1.484,1.062,1.207215,9.69871250245082,Europe,6.354
0.5914000344,0.53726,1.01905,0.70806,0.0,2.4958975238188543,Asia,4.271
0.6034397226,0.50817,0.84783,0.62007,0.5914000344,1.8046999723280615,Asia,4.415
0.6312884611527271,0.561213254928589,1.25997638702393,0.625130832195282,0.6034397226,2.5668043372297333,Asia,4.44000005722046
0.6168960000000001,0.585,1.314,0.672,0.6312884611527271,4.279990879775903,Asia,4.471
0.788619,0.47,1.265,0.831,0.6168960000000001,5.184213761731076,Asia,4.366
0.1921601946,0.10081,1.01404,0.36878,0.0,5.319414572732518,Africa,4.55
0.1876870371,0.0,0.81928,0.29759,0.1921601946,4.531917247483129,Africa,4.139
0.1918671394017261,0.0149958552792668,1.21400856971741,0.290920823812485,0.1876870371,6.658397106079293,Africa,4.13899993896484
0.18875999999999998,0.487,1.24,0.312,0.1918671394017261,9.253040817849413,Africa,4.139
0.605365788,0.59657,0.972,0.6082,0.0,5.720338983050847,South America,6.269
0.5586637038,0.52234,0.77866,0.50933,0.605365788,4.672146885875435,South America,6.269
0.05387445960000001,0.30658,1.07284,0.07566,0.0,5.875355969331872,Unknown,4.867
0.6398790000000001,0.313,1.149,0.789,0.05387445960000001,15.52492906364005,Unknown,4.212
1.2130146876999999,0.6598,1.28907,0.91087,0.0,3.5547803546314425,Europe,7.364
1.2067589901,0.58218,1.08764,0.83121,1.2130146876999999,2.8431316167821197,Europe,7.291
1.2416492587234131,0.612924098968506,1.47816216945648,0.830875158309937,1.2067589901,3.835305356863548,Europe,7.28399991989136
1.237115,0.659,1.501,0.913,1.2416492587234131,5.266481877828848,Europe,7.314
1.3994829999999998,0.574,1.487,1.009,1.237115,5.569079809744953,Europe,7.343
1.3147164092999999,0.66557,1.34951,0.94143,0.0,4.547019778294417,Europe,7.587
1.3181316099,0.58557,1.14524,0.86303,1.3147164092999999,4.077909129753596,Europe,7.509
1.3429579220201087,0.620070576667786,1.51691174507141,0.858131289482117,1.3181316099,5.220661870304525,Europe,7.49399995803833
1.31634,0.66,1.549,0.927,1.3429579220201087,6.05054490058982,Europe,7.487
1.527504,0.572,1.526,1.052,1.31634,5.8020607581460775,Europe,7.48
0.478783976,0.15684,0.47489,0.72193,0.0,1.006549385332768,Asia,3.006
0.47068486860000003,0.06912,0.14866,0.62994,0.478783976,0.30716145295260133,Asia,3.069
0.38899105586088434,0.0815394446253777,1.25391757488251,0.50053334236145,0.47068486860000003,2.5399722593302565,Asia,3.46199989318848
0.371371,0.088,1.255,0.539,0.38899105586088434,3.3376771894364508,Asia,3.462
0.27236,0.013,1.2715,0.44,0.371371,3.8412736775324006,Asia,3.462
1.129994794,0.3974,1.07617,0.8753,0.0,4.2407297946959845,Asia,6.298
1.1117537885,0.32377,0.92624,0.79565,1.129994794,3.632883589582679,Asia,6.379
1.169805,0.418,1.436,0.857,1.1117537885,9.50930401960135,Asia,6.441
1.2503520000000001,0.351,1.43,0.914,1.169805,5.90884674187017,Asia,6.446
1.1382768647699162,0.361466586589813,1.38456535339355,0.793984234333038,0.0,5.358837350810143,Asia,6.42199993133545
0.2240477813,0.47216,0.85563,0.57379,0.0,3.7241784548422197,Asia,4.786
0.2594066365,0.43408,0.75602,0.53119,0.2240477813,2.907881072348937,Asia,4.996
0.2776968862275738,0.471566706895828,1.27146327495575,0.529235124588013,0.2594066365,5.106121469304764,Asia,5.04099988937378
0.283452,0.292,1.166,0.598,0.2776968862275738,6.234960697288915,Asia,5.199
0.35397399999999996,0.389,1.098,0.718,0.283452,4.773705491065606,Asia,5.467
0.10898918,0.32878,1.00268,0.38215,0.0,2.916632730234452,Africa,3.781
0.16834335,0.3176,0.77623,0.357,0.10898918,2.466336224700537,Africa,3.666
0.18631377250630585,0.390017777681351,1.04198980331421,0.364509284496307,0.16834335,2.9412609152237215,Africa,3.34899997711182
0.173355,0.481,0.991,0.381,0.18631377250630585,3.670234435761638,Africa,3.303
0.23752399999999999,0.417,0.885,0.499,0.173355,3.20640556501576,Africa,3.231
0.71405565,0.55664,1.26504,0.7385,0.0,5.852873137781067,Asia,6.455
0.7071190949999999,0.49553,1.04477,0.64915,0.71405565,4.6964398094039375,Asia,6.474
0.73000068899902,0.580200731754303,1.42579245567322,0.647239029407501,0.7071190949999999,2.4920642242496696,Asia,6.42399978637695
0.718312,0.637,1.417,0.707,0.73000068899902,3.8927501991703526,Asia,6.072
0.8694,0.557,1.409,0.828,0.718312,3.9246817637391715,Asia,6.008
0.059354852400000005,0.36453,1.02951,0.28443,0.0,6.171382328258002,Africa,2.839
0.0697759753,0.34678,0.84142,0.24811,0.059354852400000005,4.803173878296609,Africa,3.303
0.07547709058525265,0.38042613863945,1.25391757488251,0.247105568647385,0.0697759753,6.3680975448081725,Africa,3.49499988555908
0.065527,0.434,0.474,0.253,0.07547709058525265,2.9998101385988223,Africa,3.999
0.11275,0.293,0.572,0.41,0.065527,3.23145584995198,Africa,4.085
0.6897719999999999,0.575,1.492,0.564,0.0,8.724635986199637,North America,6.192
0.877703,0.489,1.477,0.713,0.6897719999999999,7.983352251229664,North America,6.192
0.7450694389,0.55884,1.18354,0.61483,0.0,3.7165646098288585,North America,6.168
0.6974347775999999,0.48453,0.98569,0.52608,0.7450694389,3.086454158316633,North America,6.168
0.707882322353956,0.518630743026733,1.3802285194397,0.519983291625977,0.6974347775999999,4.242856144715727,North America,6.16800022125244
0.6502122609,0.26268,0.60429,0.73793,0.0,9.395055970149253,Africa,4.739
0.5822102748,0.23553,0.43165,0.59577,0.6502122609,10.963931927863854,Africa,5.045
0.6176675289138559,0.289680689573288,0.868351459503174,0.613212049007416,0.5822102748,17.470680220231152,Africa,4.80499982833862
0.621,0.271,0.906,0.69,0.6176675289138559,22.64433891527118,Africa,4.592
0.750615,0.167,1.0,0.815,0.621,16.94628029147602,Africa,4.461
0.7763402856,0.22815,0.94632,0.73172,0.0,7.7225395789130085,Unknown,5.332
0.7539129255999999,0.23889,0.87717,0.64718,0.7763402856,18.63147833474936,Unknown,5.389
0.7640264602026869,0.300740599632263,1.33775317668915,0.637605607509613,0.7539129255999999,28.643812515717833,Unknown,5.5
0.787528,0.324,1.38,0.686,0.7640264602026869,13.017639845297614,Unknown,5.483
0.9558640000000002,0.195,1.36,0.808,0.787528,16.383568244789785,Unknown,5.373
0.5164811442,0.4761,1.22668,0.53886,0.0,7.224263839811543,Asia,5.548
0.47533961020000004,0.37408,1.03817,0.44006,0.5164811442,4.600186104218362,Asia,5.658
0.49497048027884394,0.41827192902565,1.49314916133881,0.437726080417633,0.47533961020000004,5.974150221816863,Asia,5.82200002670288
0.5252720000000001,0.417,1.533,0.517,0.49497048027884394,7.703130495954976,Asia,5.636
0.6911640000000001,0.394,1.538,0.657,0.5252720000000001,6.303020368017704,Asia,5.247
0.07145348220000002,0.45727,1.13299,0.33861,0.0,3.897856675955551,Africa,3.931
0.0681360375,0.43653,0.90981,0.19625,0.07145348220000002,3.3568608641109843,Africa,3.739
0.08301176082268537,0.443185955286026,1.12982773780823,0.217632606625557,0.0681360375,3.468111650037326,Africa,4.08099985122681
0.07631399999999999,0.45,1.09,0.237,0.08301176082268537,4.208331724643836,Africa,4.161
0.147076,0.356,1.069,0.443,0.07631399999999999,4.241895162890361,Africa,4.189
0.538493273,0.25123,1.20278,0.6739,0.0,7.873658025661167,Europe,4.681
0.5117462236,0.12859,1.01413,0.58628,0.538493273,4.980013749754468,Europe,4.324
0.5152335934361398,0.122974775731564,1.39453756809235,0.575903952121735,0.5117462236,5.163587266845433,Europe,4.09600019454956
0.482937,0.163,1.413,0.609,0.5152335934361398,7.555745682049088,Europe,4.103
0.60598,0.178,1.39,0.739,0.482937,7.4327576065451035,Europe,4.332
1.1550182475000002,0.64157,1.12575,0.80925,0.0,4.259525521207764,Asia,6.901
1.1485594536,0.56215,0.87114,0.72993,1.1550182475000002,3.2759476534296033,Asia,6.573
1.1820234926731197,0.60834527015686,1.26641023159027,0.726798236370087,1.1485594536,3.508528611210757,Asia,6.64799976348877
0.6361650000000001,0.284,0.776,0.67,1.1820234926731197,4.171818719423687,Asia,6.774
1.2399749999999998,0.598,1.31,0.825,0.6361650000000001,4.9998091675890235,Asia,6.825
1.1516748691,0.59625,1.28548,0.90943,0.0,2.4762198293298403,Europe,6.867
1.1361660453,0.50036,1.08672,0.80991,1.1516748691,2.1666367605718047,Europe,6.725
1.160999622457053,0.508190035820007,1.49646008014679,0.805335938930511,1.1361660453,3.0367455074963403,Europe,6.71400022506714
1.104672,0.464,1.433,0.888,1.160999622457053,5.469256898591657,Europe,7.19
1.3276679999999998,0.45,1.538,0.996,1.104672,4.419413235251861,Europe,7.054
1.2017747729,0.54604,1.24711,0.86179,0.0,3.1095347329576617,North America,7.119
1.17470084,0.48163,1.04782,0.779,1.2017747729,2.550805784118019,North America,7.104
1.1972478866806706,0.505740523338318,1.41992056369781,0.77428662776947,1.17470084,3.616813912366339,North America,6.99300003051758
1.1449619999999998,0.547,1.471,0.819,1.1972478866806706,5.054809113088898,North America,6.886
1.252442,0.454,1.457,0.874,1.1449619999999998,5.203385593371665,North America,6.892
0.861643256,0.60362,1.2089,0.8116,0.0,5.201583408631298,South America,6.485
0.8528926730999999,0.54388,1.03143,0.72183,0.861643256,5.7120784183419175,South America,6.545
0.8756894165297273,0.57939225435257,1.41222786903381,0.719216823577881,0.8528926730999999,8.06494566781178,South America,6.4539999961853
0.842703,0.625,1.459,0.771,0.8756894165297273,11.222213675871085,South America,6.379
1.001484,0.523,1.465,0.891,0.842703,11.534524840563735,South America,6.293
0.3780220368,0.65821,1.34043,0.59772,0.0,5.869296786058324,Asia,6.003
0.3691545333,0.60848,1.1681,0.50163,0.3780220368,3.4028607218807347,Asia,5.987
0.3918620672260076,0.658248662948608,1.54896914958954,0.498272627592087,0.3691545333,3.723540396248184,Asia,5.97100019454956
0.43499499999999997,0.724,1.584,0.605,0.3918620672260076,4.829121063382214,Asia,6.096
0.56322,0.631,1.529,0.756,0.43499499999999997,4.748299742244029,Asia,6.174
0.7523958048000001,0.42908,1.25596,0.72052,0.0,21.498801780212254,South America,6.81
0.7017870768,0.19847,1.03302,0.61904,0.7523958048000001,24.30063514467184,South America,6.084
0.6964048012836626,0.153997123241425,1.43133759498596,0.617144227027893,0.7017870768,22.01054499744107,South America,5.25
0.6543720000000001,0.133,1.469,0.657,0.6964048012836626,26.22745938225317,South America,4.806
0.7728,0.154,1.427,0.805,0.6543720000000001,22.29339165755351,South America,4.707
0.4720718016,0.59444,0.91226,0.74676,0.0,5.410473874621908,Unknown,5.36
0.48980658089999995,0.55954,0.79117,0.66157,0.4720718016,3.155088530866167,Unknown,5.061
0.514266275218276,0.571055591106415,1.27749133110046,0.652168989181519,0.48980658089999995,5.436641098837908,Unknown,5.07399988174438
0.50193,0.618,1.365,0.702,0.514266275218276,7.711428732839953,Unknown,5.103
0.630591,0.543,1.346,0.851,0.50193,9.15583973879328,Unknown,5.175
0.21894575360000001,0.35571,0.68093,0.40064,0.0,7.45652650021901,Asia,4.077
0.17988900719999998,0.2287,0.47493,0.31048,0.21894575360000001,4.835369578497251,Asia,3.724
0.18346974515599754,0.249463722109795,0.93538224697113,0.310080915689468,0.17988900719999998,8.9823821796865,Asia,3.59299993515015
0.15160600000000002,0.244,1.073,0.343,0.18346974515599754,12.926153475484881,Asia,3.355
0.132881,0.143,1.163,0.463,0.15160600000000002,10.76752152578465,Asia,3.38
0.14075651120000002,0.48827,0.91612,0.29924,0.0,4.6759902000816655,Africa,5.129
0.1442714746,0.42662,0.6376,0.23573,0.14075651120000002,3.568590138243689,Africa,4.795
0.1640885114095133,0.461603492498398,1.00318729877472,0.257835894823074,0.1442714746,4.019338581049303,Africa,4.51399993896484
0.16579000000000002,0.503,1.047,0.295,0.1640885114095133,4.737342201710329,Africa,4.377
0.24622799999999997,0.431,1.058,0.426,0.16579000000000002,4.283227399700417,Africa,4.107
0.09071725,0.25861,1.03276,0.33475,0.0,5.4390141141773745,Africa,4.61
0.055890395,0.25429,0.71478,0.1595,0.09071725,3.8628404669260696,Africa,4.193
0.07395297510711156,0.336384207010269,1.08309590816498,0.196763753890991,0.055890395,5.726015875091744,Africa,3.875
0.08853599999999999,0.406,1.094,0.248,0.07395297510711156,8.287250965835922,Africa,3.692
0.158478,0.361,1.114,0.433,0.08853599999999999,7.376994900999934,Africa,3.663
