happiness_score,freedom,happiness_rank,family,country,economy,generosity,health,trust,year,score_scaled
7.587,0.66557,1,1.34951,Switzerland,1.39651,0.29678,0.94143,0.41978,2015,
7.561,0.62877,2,1.40223,Iceland,1.30232,0.4363,0.94784,0.14145,2015,
7.527,0.64938,3,1.36058,Denmark,1.32548,0.34139,0.87464,0.48357,2015,
7.522,0.66973,4,1.33095,Norway,1.459,0.34699,0.88521,0.36503,2015,
7.427,0.63297,5,1.32261,Canada,1.32629,0.45811,0.90563,0.32957,2015,
7.406,0.64169,6,1.31826,Finland,1.29025,0.23351,0.88911,0.41372,2015,
7.378,0.61576,7,1.28017,Netherlands,1.32944,0.4761,0.89284,0.31814,2015,
7.364,0.6598,8,1.28907,Sweden,1.33171,0.36262,0.91087,0.43844,2015,
7.286,0.63938,9,1.31967,New Zealand,1.25018,0.47501,0.90837,0.42922,2015,
7.284,0.65124,10,1.30923,Australia,1.33358,0.43562,0.93156,0.35637,2015,
7.278,0.41319,11,1.22393,Israel,1.22857,0.33172,0.91387,0.07785,2015,
7.226,0.63376,12,1.23788,Costa Rica,0.95578,0.25497,0.86027,0.10583,2015,
7.2,0.62433,13,1.29704,Austria,1.33723,0.33088,0.89042,0.18676,2015,
7.187,0.48181,14,0.91451,Mexico,1.02054,0.14074,0.81444,0.21312,2015,
7.119,0.54604,15,1.24711,United States,1.39451,0.40105,0.86179,0.1589,2015,
6.983,0.49049,16,1.23287,Brazil,0.98124,0.14574,0.69702,0.17521,2015,
6.946,0.61583,17,1.21963,Luxembourg,1.56391,0.28034,0.91894,0.37798,2015,
6.94,0.61777,18,1.36948,Ireland,1.33596,0.45901,0.89533,0.28703,2015,
6.937,0.5845,19,1.28566,Belgium,1.30782,0.2225,0.89667,0.2254,2015,
6.901,0.64157,20,1.12575,United Arab Emirates,1.42727,0.26428,0.80925,0.38583,2015,
6.867,0.59625,21,1.28548,United Kingdom,1.26637,0.51912,0.90943,0.32067,2015,
6.853,0.63274,22,1.08182,Oman,1.36011,0.21542,0.76276,0.32524,2015,
6.81,0.42908,23,1.25596,Venezuela,1.04424,0.05841,0.72052,0.11069,2015,
6.798,0.54252,24,1.02,Singapore,1.52186,0.31105,1.02525,0.4921,2015,
6.786,0.5421,25,1.1985,Panama,1.06353,0.24434,0.79661,0.0927,2015,
6.75,0.61477,26,1.29937,Germany,1.32792,0.28214,0.89186,0.21843,2015,
6.67,0.44132,27,1.12447,Chile,1.10715,0.33363,0.85857,0.12869,2015,
6.611,0.6404,28,1.0786,Qatar,1.69042,0.32573,0.79733,0.52208,2015,
6.575,0.55011,29,1.26038,France,1.27778,0.12332,0.94579,0.20646,2015,
6.574,0.44974,30,1.24823,Argentina,1.05351,0.11451,0.78723,0.08484,2015,
6.505,0.46364,31,1.20643,Czech Republic,1.17898,0.10686,0.84483,0.02652,2015,
6.485,0.60362,32,1.2089,Uruguay,1.06166,0.2324,0.8116,0.24558,2015,
6.477,0.53466,33,1.24018,Colombia,0.91861,0.18401,0.69077,0.0512,2015,
6.455,0.55664,34,1.26504,Thailand,0.9669,0.5763,0.7385,0.03187,2015,
6.411,0.31048,35,1.08393,Saudi Arabia,1.39541,0.13706,0.72025,0.32524,2015,
6.329,0.45951,36,1.31379,Spain,1.23011,0.18227,0.95562,0.06398,2015,
6.302,0.60365,37,1.30203,Malta,1.2074,0.51752,0.88721,0.13586,2015,
6.298,0.3974,38,1.07617,Taiwan,1.29098,0.25376,0.8753,0.08129,2015,
6.295,0.55499,39,1.16594,Kuwait,1.55422,0.16228,0.72492,0.25609,2015,
6.269,0.59657,40,0.972,Suriname,0.99534,0.16991,0.6082,0.13633,2015,
6.168,0.55884,41,1.18354,Trinidad and Tobago,1.21183,0.31844,0.61483,0.0114,2015,
6.13,0.4035,42,1.02507,El Salvador,0.76454,0.10692,0.67737,0.11776,2015,
6.123,0.57733,43,1.04356,Guatemala,0.74553,0.27489,0.64425,0.09472,2015,
6.003,0.65821,44,1.34043,Uzbekistan,0.63244,0.22837,0.59772,0.30826,2015,
5.995,0.31751,45,1.26999,Slovakia,1.16891,0.16893,0.78902,0.03431,2015,
5.987,0.49615,46,1.25712,Japan,1.27074,0.10705,0.99111,0.1806,2015,
5.984,0.33208,47,0.95774,South Korea,1.24461,0.18557,0.96538,0.07857,2015,
5.975,0.48574,48,0.99903,Ecuador,0.86402,0.11541,0.79075,0.1809,2015,
5.96,0.45492,49,1.21624,Bahrain,1.32376,0.17362,0.74716,0.306,2015,
5.948,0.26236,50,1.19777,Italy,1.25114,0.22823,0.95446,0.02901,2015,
5.89,0.57414,51,0.97841,Bolivia,0.68133,0.20536,0.5392,0.088,2015,
5.889,0.32818,52,1.01528,Moldova,0.59448,0.20951,0.61826,0.01615,2015,
5.878,0.53899,53,1.30477,Paraguay,0.75985,0.3424,0.66098,0.08242,2015,
5.855,0.51649,54,1.12241,Kazakhstan,1.12254,0.11827,0.64368,0.08454,2015,
5.848,0.60855,55,1.27385,Slovenia,1.18498,0.25328,0.87337,0.03787,2015,
5.833,0.21342,56,1.25745,Lithuania,1.14723,0.02641,0.73128,0.01031,2015,
5.828,0.55475,57,1.14184,Nicaragua,0.59325,0.27815,0.74314,0.19317,2015,
5.824,0.41496,58,0.97459,Peru,0.90019,0.14982,0.73017,0.05989,2015,
5.813,0.37938,59,1.23289,Belarus,1.03192,0.11046,0.73608,0.1909,2015,
5.791,0.53122,60,1.27948,Poland,1.12555,0.16759,0.77903,0.04212,2015,
5.77,0.53024,61,1.07023,Malaysia,1.12486,0.33075,0.72394,0.10501,2015,
5.759,0.25883,62,0.79624,Croatia,1.08254,0.05444,0.78805,0.0243,2015,
5.754,0.41668,63,1.11862,Libya,1.13145,0.18295,0.7038,0.11023,2015,
5.716,0.36679,64,1.23617,Russia,1.13764,0.00199,0.66926,0.03005,2015,
5.709,0.50442,65,1.15102,Jamaica,0.81038,0.2123,0.68741,0.02299,2015,
5.695,0.49027,66,1.07008,North Cyprus,1.20806,0.26169,0.92356,0.1428,2015,
5.689,0.40672,67,0.89318,Cyprus,1.20813,0.30638,0.92356,0.06146,2015,
5.605,0.28579,68,1.07772,Algeria,0.93929,0.07822,0.61766,0.17383,2015,
5.589,0.24749,69,0.81198,Kosovo,0.80148,0.2831,0.63132,0.04741,2015,
5.548,0.4761,70,1.22668,Turkmenistan,0.95847,0.16979,0.53886,0.30844,2015,
5.477,0.56066,71,0.98521,Mauritius,1.00761,0.37744,0.7095,0.07521,2015,
5.474,0.59608,72,1.05818,Hong Kong,1.38604,0.39478,1.01328,0.37124,2015,
5.429,0.44888,73,1.22791,Estonia,1.15174,0.0868,0.77361,0.15184,2015,
5.399,0.46611,74,1.08708,Indonesia,0.82827,0.51535,0.63793,0.0,2015,
5.36,0.59444,75,0.91226,Vietnam,0.63216,0.1686,0.74676,0.10441,2015,
5.332,0.22815,76,0.94632,Turkey,1.06098,0.12253,0.73172,0.15746,2015,
5.286,0.43477,77,1.15115,Kyrgyzstan,0.47428,0.3003,0.65088,0.04232,2015,
5.268,0.34334,78,0.90432,Nigeria,0.65435,0.27233,0.16007,0.0403,2015,
5.253,0.53206,79,1.10395,Bhutan,0.77042,0.47998,0.57407,0.15445,2015,
5.212,0.3703,80,0.93793,Azerbaijan,1.02389,0.07799,0.64045,0.16065,2015,
5.194,0.12102,81,0.41411,Pakistan,0.59543,0.33671,0.51466,0.10464,2015,
5.192,0.40661,82,1.05392,Jordan,0.90198,0.11053,0.69639,0.14293,2015,
5.192,0.1826,82,0.90557,Montenegro,0.97438,0.1614,0.72521,0.14296,2015,
5.14,0.51697,84,0.94675,China,0.89012,0.08185,0.81658,0.02781,2015,
5.129,0.48827,85,0.91612,Zambia,0.47038,0.19591,0.29924,0.12468,2015,
5.124,0.35068,86,0.88588,Romania,1.04345,0.13748,0.7689,0.00649,2015,
5.123,0.20107,87,1.00964,Serbia,0.92053,0.19231,0.74836,0.02617,2015,
5.102,0.51469,88,1.13935,Portugal,1.15991,0.13719,0.87519,0.01078,2015,
5.098,0.29671,89,1.09562,Latvia,1.11312,0.18226,0.72437,0.06332,2015,
5.073,0.62545,90,1.03516,Philippines,0.70532,0.24991,0.58114,0.12279,2015,
5.057,0.46582,91,0.95152,Somaliland region,0.18847,0.50318,0.43873,0.39928,2015,
5.013,0.41691,92,0.64095,Morocco,0.73479,0.07172,0.60954,0.08546,2015,
5.007,0.33457,93,1.00232,Macedonia,0.91851,0.22359,0.73545,0.05327,2015,
4.971,0.34037,94,1.02626,Mozambique,0.08308,0.22269,0.09131,0.15603,2015,
4.959,0.35733,95,0.80434,Albania,0.87867,0.14272,0.81325,0.06413,2015,
4.949,0.09245,96,0.91916,Bosnia and Herzegovina,0.83223,0.24808,0.79081,0.00227,2015,
4.898,0.31767,97,1.04103,Lesotho,0.37545,0.16388,0.07612,0.12504,2015,
4.885,0.57672,98,1.17202,Dominican Republic,0.89537,0.21684,0.66825,0.14234,2015,
4.876,0.59591,99,0.73803,Laos,0.59066,0.42192,0.54909,0.24249,2015,
4.874,0.43626,100,1.3006,Mongolia,0.82819,0.3323,0.60268,0.02666,2015,
4.867,0.30658,101,1.07284,Swaziland,0.71206,0.18259,0.07566,0.0306,2015,
4.857,0.07699,102,0.92933,Greece,1.15406,0.0,0.88213,0.01397,2015,
4.839,0.33916,103,0.80001,Lebanon,1.02564,0.21854,0.83947,0.04582,2015,
4.8,0.32112,104,1.20215,Hungary,1.12094,0.128,0.75905,0.02758,2015,
4.788,0.40148,105,0.95348,Honduras,0.59532,0.23027,0.6951,0.06825,2015,
4.786,0.47216,106,0.85563,Tajikistan,0.39047,0.22974,0.57379,0.15072,2015,
4.739,0.26268,107,0.60429,Tunisia,0.88113,0.06431,0.73793,0.06358,2015,
4.715,0.24499,108,0.92558,Palestinian Territories,0.59867,0.11251,0.66015,0.12905,2015,
4.694,0.4082,109,0.43106,Bangladesh,0.39753,0.21222,0.60164,0.12569,2015,
4.686,0.30033,110,0.54447,Iran,1.0088,0.38086,0.69805,0.05863,2015,
4.681,0.25123,111,1.20278,Ukraine,0.79907,0.15275,0.6739,0.02961,2015,
4.677,0.0,112,0.81889,Iraq,0.98549,0.17922,0.60237,0.13788,2015,
4.642,0.33207,113,1.18468,South Africa,0.92049,0.11973,0.27688,0.08884,2015,
4.633,0.42342,114,0.67954,Ghana,0.54558,0.23087,0.40132,0.04355,2015,
4.61,0.25861,115,1.03276,Zimbabwe,0.271,0.18987,0.33475,0.08079,2015,
4.571,0.28531,116,0.78968,Liberia,0.0712,0.24362,0.34201,0.06232,2015,
4.565,0.39786,117,0.38174,India,0.64499,0.26475,0.51529,0.08492,2015,
4.55,0.10081,118,1.01404,Sudan,0.52107,0.19062,0.36878,0.1466,2015,
4.518,0.24425,119,0.74302,Haiti,0.26673,0.46187,0.38847,0.17175,2015,
4.517,0.22605,120,1.0012,Congo (Kinshasa),0.0,0.24834,0.09806,0.07625,2015,
4.514,0.38282,121,0.86449,Nepal,0.35997,0.32296,0.56874,0.05907,2015,
4.512,0.4345,122,0.60406,Ethiopia,0.19073,0.24325,0.44055,0.15048,2015,
4.507,0.4084,123,0.95571,Sierra Leone,0.33024,0.21488,0.0,0.08786,2015,
4.436,0.24232,124,0.86908,Mauritania,0.45407,0.219,0.35874,0.17461,2015,
4.419,0.42215,125,0.99876,Kenya,0.36471,0.37542,0.41435,0.05839,2015,
4.369,0.46074,126,0.59207,Djibouti,0.44025,0.18093,0.36291,0.28105,2015,
4.35,0.19847,127,0.77711,Armenia,0.76821,0.07855,0.7299,0.039,2015,
4.332,0.49495,128,1.10464,Botswana,0.99355,0.10461,0.04776,0.12474,2015,
4.307,0.44017,129,0.70905,Myanmar,0.27108,0.79588,0.48246,0.19034,2015,
4.297,0.40577,130,0.38562,Georgia,0.7419,0.05547,0.72926,0.38331,2015,
4.292,0.43054,131,0.41134,Malawi,0.01604,0.33128,0.22562,0.06977,2015,
4.271,0.53726,132,1.01905,Sri Lanka,0.83524,0.40828,0.70806,0.09179,2015,
4.252,0.49309,133,0.88767,Cameroon,0.4225,0.20618,0.23402,0.05786,2015,
4.218,0.30587,134,1.10614,Bulgaria,1.01216,0.11921,0.76649,0.00872,2015,
4.194,0.17288,135,0.747,Egypt,0.8818,0.11291,0.61712,0.06324,2015,
4.077,0.35571,136,0.68093,Yemen,0.54649,0.09131,0.40064,0.07854,2015,
4.033,0.10384,137,0.8604,Angola,0.75778,0.12344,0.16683,0.07122,2015,
3.995,0.38857,138,1.03526,Mali,0.26074,0.18798,0.20583,0.12352,2015,
3.989,0.41466,139,0.6629,Congo (Brazzaville),0.67866,0.12388,0.31051,0.11686,2015,
3.956,0.22917,140,0.79273,Comoros,0.23906,0.17441,0.36315,0.199,2015,
3.931,0.45727,141,1.13299,Uganda,0.21102,0.29066,0.33861,0.07267,2015,
3.904,0.36772,142,0.97619,Senegal,0.36498,0.20843,0.4354,0.10713,2015,
3.896,0.31914,143,0.90528,Gabon,1.06024,0.06822,0.43372,0.11091,2015,
3.845,0.47692,144,0.77265,Niger,0.0694,0.19387,0.29707,0.15639,2015,
3.819,0.66246,145,0.62736,Cambodia,0.46038,0.40359,0.61114,0.07247,2015,
3.781,0.32878,146,1.00268,Tanzania,0.2852,0.34377,0.38215,0.05747,2015,
3.681,0.19184,147,0.66801,Madagascar,0.20824,0.21333,0.46721,0.08124,2015,
3.678,0.48879,148,0.0,Central African Republic,0.0785,0.23835,0.06699,0.08289,2015,
3.667,0.23501,149,0.76062,Chad,0.34193,0.18386,0.1501,0.05269,2015,
3.656,0.37725,150,0.46475,Guinea,0.17417,0.28657,0.24009,0.12139,2015,
3.655,0.46866,151,0.77115,Ivory Coast,0.46534,0.20165,0.15185,0.17922,2015,
3.587,0.39493,152,0.85188,Burkina Faso,0.25812,0.21747,0.27125,0.12832,2015,
3.575,0.23414,153,0.30285,Afghanistan,0.31982,0.3651,0.30335,0.09719,2015,
3.465,0.59201,154,0.7737,Rwanda,0.22208,0.22628,0.42864,0.55191,2015,
3.34,0.4845,155,0.35386,Benin,0.28665,0.1826,0.3191,0.0801,2015,
3.006,0.15684,156,0.47489,Syria,0.6632,0.47179,0.72193,0.18906,2015,
2.905,0.1185,157,0.41587,Burundi,0.0153,0.19727,0.22396,0.10062,2015,
2.839,0.36453,158,0.13995,Togo,0.20868,0.16681,0.28443,0.10731,2015,
7.526,0.57941,1,1.16374,Denmark,1.44178,0.36171,0.79504,0.44453,2016,
7.509,0.58557,2,1.14524,Switzerland,1.52733,0.28083,0.86303,0.41203,2016,
7.501,0.56624,3,1.18326,Iceland,1.42666,0.47678,0.86733,0.14975,2016,
7.498,0.59609,4,1.1269,Norway,1.57744,0.37895,0.79579,0.35776,2016,
7.413,0.57104,5,1.13464,Finland,1.40598,0.25492,0.81091,0.41004,2016,
7.404,0.5737,6,1.0961,Canada,1.44015,0.44834,0.8276,0.31329,2016,
7.339,0.55211,7,1.02912,Netherlands,1.46468,0.47416,0.81231,0.29927,2016,
7.334,0.58147,8,1.17278,New Zealand,1.36066,0.49401,0.83096,0.41904,2016,
7.313,0.56837,9,1.10476,Australia,1.44443,0.47407,0.8512,0.32331,2016,
7.291,0.58218,10,1.08764,Sweden,1.45181,0.38254,0.83121,0.40867,2016,
7.267,0.36432,11,0.99537,Israel,1.33766,0.32288,0.84917,0.08728,2016,
7.119,0.54355,12,1.08383,Austria,1.45038,0.32865,0.80565,0.21348,2016,
7.104,0.48163,13,1.04782,United States,1.50796,0.41077,0.779,0.14868,2016,
7.087,0.55225,14,1.02152,Costa Rica,1.06879,0.22553,0.76146,0.10547,2016,
7.039,0.46823,15,1.08113,Puerto Rico,1.35943,0.22202,0.77758,0.12275,2016,
6.994,0.53466,16,1.09774,Germany,1.44787,0.30452,0.81487,0.28551,2016,
6.952,0.40425,17,1.03938,Brazil,1.08754,0.15776,0.61415,0.14166,2016,
6.929,0.51354,18,1.05249,Belgium,1.42539,0.2424,0.81959,0.26248,2016,
6.907,0.54008,19,1.16157,Ireland,1.48341,0.44963,0.81455,0.29754,2016,
6.871,0.5487,20,1.03999,Luxembourg,1.69752,0.27571,0.84542,0.35329,2016,
6.778,0.37709,21,0.7146,Mexico,1.11508,0.11735,0.71143,0.18355,2016,
6.739,0.4877,22,0.86758,Singapore,1.64555,0.32706,0.94719,0.46987,2016,
6.725,0.50036,23,1.08672,United Kingdom,1.40283,0.50156,0.80991,0.27399,2016,
6.705,0.37789,24,0.90587,Chile,1.2167,0.31595,0.81883,0.11451,2016,
6.701,0.48927,25,0.98912,Panama,1.18306,0.2418,0.70835,0.08423,2016,
6.65,0.42284,26,1.06612,Argentina,1.15137,0.10989,0.69711,0.07296,2016,
6.596,0.41418,27,1.00793,Czech Republic,1.30915,0.09929,0.76376,0.03986,2016,
6.573,0.56215,28,0.87114,United Arab Emirates,1.57352,0.26591,0.72993,0.35561,2016,
6.545,0.54388,29,1.03143,Uruguay,1.18157,0.18056,0.72183,0.21394,2016,
6.488,0.54994,30,1.09879,Malta,1.30782,0.56237,0.80315,0.17554,2016,
6.481,0.44735,31,1.02169,Colombia,1.03032,0.15626,0.59659,0.05399,2016,
6.478,0.46562,32,1.00508,France,1.39488,0.1216,0.83795,0.17808,2016,
6.474,0.49553,33,1.04477,Thailand,1.0893,0.58696,0.64915,0.02833,2016,
6.379,0.37904,34,0.84829,Saudi Arabia,1.48953,0.15457,0.59267,0.30008,2016,
6.379,0.32377,34,0.92624,Taiwan,1.39729,0.25495,0.79565,0.0663,2016,
6.375,0.56679,36,0.87964,Qatar,1.82427,0.32388,0.71723,0.48049,2016,
6.361,0.37545,37,1.12945,Spain,1.34253,0.17665,0.87896,0.06137,2016,
6.355,0.21006,38,0.83309,Algeria,1.05266,0.07044,0.61804,0.16157,2016,
6.324,0.50379,39,0.87119,Guatemala,0.83454,0.28808,0.54039,0.08701,2016,
6.269,0.52234,40,0.77866,Suriname,1.09686,0.16665,0.50933,0.12692,2016,
6.239,0.43166,41,0.87758,Kuwait,1.61714,0.15965,0.63569,0.23669,2016,
6.218,0.47375,42,0.94397,Bahrain,1.44024,0.17147,0.65696,0.25772,2016,
6.168,0.48453,43,0.98569,Trinidad and Tobago,1.32572,0.31935,0.52608,0.01241,2016,
6.084,0.19847,44,1.03302,Venezuela,1.13367,0.0425,0.61904,0.08304,2016,
6.078,0.23391,45,1.08268,Slovakia,1.27973,0.13837,0.70367,0.02947,2016,
6.068,0.37269,46,0.80975,El Salvador,0.8737,0.08877,0.596,0.10613,2016,
6.005,0.39031,47,0.88025,Malaysia,1.25142,0.41474,0.62366,0.09081,2016,
5.992,0.46582,48,0.89521,Nicaragua,0.69384,0.29773,0.65213,0.16292,2016,
5.987,0.60848,49,1.1681,Uzbekistan,0.73591,0.34326,0.50163,0.28333,2016,
5.977,0.18827,50,1.04167,Italy,1.35495,0.16684,0.85102,0.02556,2016,
5.976,0.4027,51,0.85974,Ecuador,0.97306,0.10074,0.68613,0.18037,2016,
5.956,0.51231,52,0.68655,Belize,0.87616,0.23684,0.45569,0.10771,2016,
5.921,0.46761,53,1.06054,Japan,1.38007,0.10224,0.91491,0.18985,2016,
5.919,0.4052,54,0.95544,Kazakhstan,1.22943,0.15011,0.57386,0.11132,2016,
5.897,0.25202,55,0.83132,Moldova,0.69177,0.19997,0.52309,0.01903,2016,
5.856,0.32682,56,1.05261,Russia,1.23228,0.02736,0.58991,0.03586,2016,
5.835,0.4519,57,1.04685,Poland,1.24585,0.14443,0.69058,0.055,2016,
5.835,0.25168,57,0.72194,South Korea,1.35948,0.18824,0.88645,0.07716,2016,
5.822,0.50961,59,0.83779,Bolivia,0.79422,0.21698,0.4697,0.07746,2016,
5.813,0.18929,60,1.06411,Lithuania,1.2692,0.02025,0.64674,0.0182,2016,
5.802,0.29091,61,1.04993,Belarus,1.13062,0.13942,0.63104,0.17457,2016,
5.771,0.43596,62,0.81826,North Cyprus,1.31141,0.26322,0.84142,0.16578,2016,
5.768,0.53164,63,1.05613,Slovenia,1.29947,0.25738,0.79151,0.03635,2016,
5.743,0.37502,64,0.81255,Peru,0.99602,0.14527,0.62994,0.05292,2016,
5.658,0.37408,65,1.03817,Turkmenistan,1.08017,0.22567,0.44006,0.28467,2016,
5.648,0.46145,66,0.75695,Mauritius,1.14372,0.36951,0.66189,0.05203,2016,
5.615,0.40672,67,0.95076,Libya,1.06688,0.17087,0.52304,0.10339,2016,
5.56,0.27996,68,0.95025,Latvia,1.21788,0.17445,0.63952,0.0889,2016,
5.546,0.29507,69,0.70697,Cyprus,1.31857,0.27906,0.8488,0.05228,2016,
5.538,0.46235,70,1.11111,Paraguay,0.89373,0.25296,0.58295,0.07396,2016,
5.528,0.36712,71,0.72803,Romania,1.1697,0.12889,0.67602,0.00679,2016,
5.517,0.41511,72,1.05163,Estonia,1.27964,0.08423,0.68098,0.18519,2016,
5.51,0.43597,73,0.96372,Jamaica,0.89333,0.22245,0.59469,0.04294,2016,
5.488,0.23907,74,0.60809,Croatia,1.18649,0.18434,0.70524,0.04002,2016,
5.458,0.48079,75,0.87021,Hong Kong,1.5107,0.40097,0.95277,0.31647,2016,
5.44,0.56778,76,0.33613,Somalia,0.0,0.27225,0.11466,0.3118,2016,
5.401,0.14396,77,0.66062,Kosovo,0.90145,0.27992,0.54,0.06547,2016,
5.389,0.23889,78,0.87717,Turkey,1.16492,0.04707,0.64718,0.12348,2016,
5.314,0.39237,79,0.87625,Indonesia,0.95104,0.56521,0.49374,0.00322,2016,
5.303,0.36023,80,0.86216,Jordan,0.99673,0.14262,0.60712,0.13297,2016,
5.291,0.35327,81,0.76042,Azerbaijan,1.12373,0.0564,0.54504,0.17914,2016,
5.279,0.54854,82,0.87877,Philippines,0.81217,0.21674,0.47036,0.11757,2016,
5.245,0.44012,83,0.79381,China,1.0278,0.04959,0.73561,0.02745,2016,
5.196,0.46074,84,0.90836,Bhutan,0.8527,0.48546,0.49759,0.1616,2016,
5.185,0.40212,85,0.95434,Kyrgyzstan,0.56044,0.38432,0.55449,0.04762,2016,
5.177,0.15718,86,0.81329,Serbia,1.03437,0.20737,0.6458,0.04339,2016,
5.163,0.09511,87,0.64367,Bosnia and Herzegovina,0.93383,0.29889,0.70766,0.0,2016,
5.161,0.15111,88,0.74173,Montenegro,1.07838,0.17191,0.63533,0.12721,2016,
5.155,0.52259,89,0.99496,Dominican Republic,1.02787,0.21286,0.57669,0.12372,2016,
5.151,0.25646,90,0.38595,Morocco,0.84058,0.04053,0.59471,0.08404,2016,
5.145,0.1977,91,0.93164,Hungary,1.24142,0.099,0.67608,0.04472,2016,
5.132,0.14622,92,0.26135,Pakistan,0.68816,0.31185,0.40306,0.1388,2016,
5.129,0.26228,93,0.64184,Lebanon,1.12268,0.23693,0.76171,0.03061,2016,
5.123,0.44727,94,0.94367,Portugal,1.27607,0.11691,0.79363,0.01521,2016,
5.121,0.27668,95,0.78236,Macedonia,1.0193,0.23507,0.64738,0.07047,2016,
5.061,0.55954,96,0.79117,Vietnam,0.74037,0.25075,0.66157,0.11556,2016,
5.057,0.3913,97,0.75862,Somaliland Region,0.25558,0.51479,0.33108,0.36794,2016,
5.045,0.23553,98,0.43165,Tunisia,0.97724,0.03936,0.59577,0.0817,2016,
5.033,0.05822,99,0.75473,Greece,1.24886,0.0,0.80029,0.04127,2016,
4.996,0.43408,100,0.75602,Tajikistan,0.48835,0.25998,0.53119,0.13509,2016,
4.907,0.35972,101,1.08983,Mongolia,0.98853,0.34539,0.55469,0.03285,2016,
4.876,0.52168,102,0.5497,Laos,0.68042,0.43079,0.38291,0.22423,2016,
4.875,0.27854,103,0.64498,Nigeria,0.75216,0.23219,0.05108,0.0305,2016,
4.871,0.26755,104,0.75596,Honduras,0.69429,0.2044,0.58383,0.06906,2016,
4.813,0.22544,105,0.38857,Iran,1.11758,0.38538,0.64232,0.0557,2016,
4.795,0.42662,106,0.6376,Zambia,0.61202,0.17866,0.23573,0.11479,2016,
4.793,0.37012,107,0.69699,Nepal,0.44626,0.3816,0.50073,0.07008,2016,
4.754,0.17744,108,0.71629,Palestinian Territories,0.67024,0.11154,0.56844,0.10613,2016,
4.655,0.31866,109,0.50163,Albania,0.9553,0.1684,0.73007,0.05301,2016,
4.643,0.39778,110,0.24749,Bangladesh,0.54177,0.19132,0.52989,0.12583,2016,
4.635,0.30685,111,0.628,Sierra Leone,0.36485,0.23897,0.0,0.08196,2016,
4.575,0.24856,112,0.59205,Iraq,1.07474,0.19589,0.51076,0.13636,2016,
4.574,0.48614,113,0.70362,Namibia,0.93287,0.07795,0.34745,0.10398,2016,
4.513,0.42736,114,0.62542,Cameroon,0.52497,0.2268,0.12698,0.06126,2016,
4.508,0.36703,115,0.37932,Ethiopia,0.29283,0.29522,0.34578,0.1717,2016,
4.459,0.42483,116,0.96053,South Africa,1.02416,0.13656,0.18611,0.08415,2016,
4.415,0.50817,117,0.84783,Sri Lanka,0.97318,0.46978,0.62007,0.07964,2016,
4.404,0.40285,118,0.29247,India,0.74036,0.25028,0.45091,0.08722,2016,
4.395,0.42692,119,0.69981,Myanmar,0.34112,0.81971,0.3988,0.20243,2016,
4.362,0.18847,120,0.49813,Egypt,0.95395,0.12706,0.52116,0.10393,2016,
4.36,0.14037,121,0.62477,Armenia,0.86086,0.07793,0.64083,0.03616,2016,
4.356,0.40576,122,0.7624,Kenya,0.52267,0.41328,0.30147,0.06686,2016,
4.324,0.12859,123,1.01413,Ukraine,0.87287,0.20363,0.58628,0.01829,2016,
4.276,0.40973,124,0.49353,Ghana,0.63107,0.21203,0.29681,0.0326,2016,
4.272,0.15602,125,0.80676,Congo (Kinshasa),0.05661,0.25458,0.188,0.06075,2016,
4.252,0.32461,126,0.19249,Georgia,0.83792,0.06786,0.64035,0.3188,2016,
4.236,0.37938,127,0.47799,Congo (Brazzaville),0.77109,0.12077,0.28212,0.09753,2016,
4.219,0.31056,128,0.77416,Senegal,0.44314,0.19103,0.40457,0.11681,2016,
4.217,0.21219,129,0.92542,Bulgaria,1.11306,0.12793,0.67806,0.00615,2016,
4.201,0.1268,130,0.84142,Mauritania,0.61391,0.22686,0.28639,0.17955,2016,
4.193,0.25429,131,0.71478,Zimbabwe,0.35041,0.18503,0.1595,0.08582,2016,
4.156,0.4143,132,0.147,Malawi,0.08709,0.30968,0.29364,0.07564,2016,
4.139,0.0,133,0.81928,Sudan,0.63069,0.18077,0.29759,0.10039,2016,
4.121,0.28098,134,0.72368,Gabon,1.15851,0.06244,0.3494,0.09314,2016,
4.073,0.27544,135,0.86333,Mali,0.31292,0.21064,0.16347,0.13647,2016,
4.028,0.12072,136,0.29561,Haiti,0.34097,0.47958,0.27494,0.14476,2016,
3.974,0.44089,137,0.89186,Botswana,1.09426,0.12425,0.34752,0.10769,2016,
3.956,0.15412,138,0.60323,Comoros,0.27509,0.1827,0.29981,0.18437,2016,
3.916,0.40663,139,0.57576,Ivory Coast,0.55507,0.20338,0.04476,0.1553,2016,
3.907,0.58852,140,0.5375,Cambodia,0.55604,0.40339,0.42494,0.08092,2016,
3.866,0.00589,141,0.66366,Angola,0.84731,0.12071,0.04991,0.08434,2016,
3.856,0.38041,142,0.6053,Niger,0.1327,0.2097,0.26162,0.17176,2016,
3.832,0.19662,143,0.18519,South Sudan,0.39394,0.25899,0.15781,0.13015,2016,
3.763,0.12807,144,0.63178,Chad,0.42214,0.18667,0.03824,0.04952,2016,
3.739,0.3337,145,0.63054,Burkina Faso,0.31995,0.24353,0.21297,0.12533,2016,
3.739,0.43653,145,0.90981,Uganda,0.34719,0.27102,0.19625,0.06442,2016,
3.724,0.2287,147,0.47493,Yemen,0.57939,0.09821,0.31048,0.05892,2016,
3.695,0.13684,148,0.46115,Madagascar,0.27954,0.2204,0.37109,0.07506,2016,
3.666,0.3176,149,0.77623,Tanzania,0.47155,0.31472,0.357,0.05099,2016,
3.622,0.25748,150,0.50353,Liberia,0.10706,0.24063,0.23165,0.04852,2016,
3.607,0.30953,151,0.3109,Guinea,0.22415,0.29914,0.18829,0.1192,2016,
3.515,0.5432,152,0.61586,Rwanda,0.32846,0.23552,0.31865,0.50521,2016,
3.484,0.39747,153,0.10419,Benin,0.39499,0.2018,0.21028,0.06681,2016,
3.36,0.1643,154,0.11037,Afghanistan,0.38227,0.31268,0.17344,0.07112,2016,
3.303,0.34678,155,0.0,Togo,0.28123,0.17517,0.24811,0.11587,2016,
3.069,0.06912,156,0.14866,Syria,0.74719,0.48397,0.62994,0.17233,2016,
2.905,0.0432,157,0.23442,Burundi,0.06831,0.2029,0.15747,0.09419,2016,
7.53700017929077,0.635422587394714,1,1.53352355957031,Norway,1.61646318435669,0.36201223731041,0.796666502952576,0.315963834524155,2017,
7.52199983596802,0.626006722450256,2,1.55112159252167,Denmark,1.48238301277161,0.355280488729477,0.792565524578094,0.40077006816864,2017,
7.50400018692017,0.627162635326385,3,1.6105740070343,Iceland,1.480633020401,0.475540220737457,0.833552122116089,0.153526559472084,2017,
7.49399995803833,0.620070576667786,4,1.51691174507141,Switzerland,1.56497955322266,0.290549278259277,0.858131289482117,0.367007285356522,2017,
7.4689998626709,0.617950856685638,5,1.5402467250824,Finland,1.44357192516327,0.24548277258873,0.80915766954422,0.38261154294014,2017,
7.3769998550415,0.585384488105774,6,1.42893922328949,Netherlands,1.50394463539124,0.470489829778671,0.810696125030518,0.282661825418472,2017,
7.31599998474121,0.611100912094116,7,1.48134899139404,Canada,1.47920441627502,0.435539722442627,0.83455765247345,0.287371516227722,2017,
7.31400012969971,0.614062130451202,8,1.54819512367249,New Zealand,1.40570604801178,0.500005125999451,0.816759705543518,0.382816702127457,2017,
7.28399991989136,0.612924098968506,9,1.47816216945648,Sweden,1.49438726902008,0.385399252176285,0.830875158309937,0.384398728609085,2017,
7.28399991989136,0.601607382297516,10,1.51004195213318,Australia,1.484414935112,0.477699249982834,0.84388679265976,0.301183730363846,2017,
7.21299982070923,0.405988603830338,11,1.37628996372223,Israel,1.37538242340088,0.330082654953003,0.83840399980545,0.0852421000599861,2017,
7.0789999961853,0.580131649971008,12,1.41640365123749,Costa Rica,1.10970628261566,0.214613229036331,0.759509265422821,0.100106589496136,2017,
7.00600004196167,0.567766189575195,13,1.4599449634552,Austria,1.48709726333618,0.316472321748734,0.815328419208527,0.221060365438461,2017,
6.99300003051758,0.505740523338318,14,1.41992056369781,United States,1.54625928401947,0.392578780651093,0.77428662776947,0.135638788342476,2017,
6.97700023651123,0.573110342025757,15,1.55823111534119,Ireland,1.53570663928986,0.42785832285881,0.80978262424469,0.29838815331459,2017,
6.95100021362305,0.562511384487152,16,1.47252035140991,Germany,1.48792338371277,0.336269170045853,0.798950731754303,0.276731938123703,2017,
6.89099979400635,0.539770722389221,17,1.46231269836426,Belgium,1.46378076076508,0.231503337621689,0.818091869354248,0.251343131065369,2017,
6.86299991607666,0.59662789106369,18,1.45758366584778,Luxembourg,1.74194359779358,0.283180981874466,0.845089495182037,0.31883442401886,2017,
6.71400022506714,0.508190035820007,19,1.49646008014679,United Kingdom,1.44163393974304,0.492774158716202,0.805335938930511,0.265428066253662,2017,
6.65199995040894,0.376895278692245,20,1.28402495384216,Chile,1.25278460979462,0.326662421226501,0.819479703903198,0.0822879821062088,2017,
6.64799976348877,0.60834527015686,21,1.26641023159027,United Arab Emirates,1.62634336948395,0.3609419465065,0.726798236370087,0.324489563703537,2017,
6.63500022888184,0.437453746795654,22,1.43130600452423,Brazil,1.10735321044922,0.16234989464283,0.616552352905273,0.111092761158943,2017,
6.60900020599365,0.490946173667908,23,1.43388521671295,Czech Republic,1.35268235206604,0.0881067588925362,0.754444003105164,0.0368729270994663,2017,
6.59899997711182,0.494519203901291,24,1.44045114517212,Argentina,1.18529546260834,0.109457060694695,0.695137083530426,0.059739887714386,2017,
6.57800006866455,0.412730008363724,25,1.210862159729,Mexico,1.15318381786346,0.120990432798862,0.709978997707367,0.132774114608765,2017,
6.57200002670288,0.549840569496155,26,1.35381436347961,Singapore,1.69227766990662,0.345965981483459,0.949492394924164,0.46430778503418,2017,
6.52699995040894,0.588767051696777,27,1.48841166496277,Malta,1.34327983856201,0.574730575084686,0.821944236755371,0.153066068887711,2017,
6.4539999961853,0.57939225435257,28,1.41222786903381,Uruguay,1.21755969524384,0.175096929073334,0.719216823577881,0.178061872720718,2017,
6.4539999961853,0.531310617923737,29,1.25558519363403,Guatemala,0.872001945972443,0.283488392829895,0.540239989757538,0.0772232785820961,2017,
6.4520001411438,0.550026834011078,30,1.37319254875183,Panama,1.23374843597412,0.21055693924427,0.706156134605408,0.070983923971653,2017,
6.44199991226196,0.470222115516663,31,1.38777685165405,France,1.43092346191406,0.129762306809425,0.844465851783752,0.172502428293228,2017,
6.42399978637695,0.580200731754303,32,1.42579245567322,Thailand,1.12786877155304,0.572123110294342,0.647239029407501,0.0316127352416515,2017,
6.42199993133545,0.361466586589813,33,1.38456535339355,Taiwan Province of China,1.43362653255463,0.258360475301743,0.793984234333038,0.0638292357325554,2017,
6.40299987792969,0.408781230449677,34,1.53209090232849,Spain,1.38439786434174,0.190133571624756,0.888960599899292,0.0709140971302986,2017,
6.375,0.604130983352661,35,1.27429687976837,Qatar,1.87076568603516,0.330473870038986,0.710098087787628,0.439299255609512,2017,
6.35699987411499,0.477487415075302,36,1.4021829366684,Colombia,1.07062232494354,0.149014472961426,0.595027923583984,0.0466687418520451,2017,
6.3439998626709,0.449750572443008,37,1.28667759895325,Saudi Arabia,1.53062355518341,0.147616013884544,0.590148329734802,0.27343225479126,2017,
6.16800022125244,0.518630743026733,38,1.3802285194397,Trinidad and Tobago,1.36135590076447,0.325296461582184,0.519983291625977,0.0089648161083459,2017,
6.10500001907349,0.496337592601776,39,1.25969874858856,Kuwait,1.63295245170593,0.228289797902107,0.632105708122253,0.215159550309181,2017,
6.09800004959106,0.295817464590073,40,1.50505924224854,Slovakia,1.32539355754852,0.136544480919838,0.712732911109924,0.0242108516395092,2017,
6.08699989318848,0.536746919155121,41,1.32311046123505,Bahrain,1.48841226100922,0.172668486833572,0.653133034706116,0.257042169570923,2017,
6.08400011062622,0.402264982461929,42,1.28464603424072,Malaysia,1.29121541976929,0.416608929634094,0.618784427642822,0.0656007081270218,2017,
6.07100009918213,0.447551846504211,43,1.28721570968628,Nicaragua,0.737299203872681,0.301674216985703,0.653095960617065,0.130687981843948,2017,
6.00799989700317,0.4551981985569,44,1.28616881370544,Ecuador,1.00082039833069,0.150112465023994,0.685636222362518,0.140134647488594,2017,
6.00299978256226,0.432452529668808,45,1.18212509155273,El Salvador,0.909784495830536,0.0782579854130745,0.596018552780151,0.0899809598922729,2017,
5.97300004959106,0.520342111587524,46,1.44571197032928,Poland,1.29178786277771,0.158465966582298,0.699475347995758,0.0593078061938286,2017,
5.97100019454956,0.658248662948608,47,1.54896914958954,Uzbekistan,0.786441087722778,0.415983647108078,0.498272627592087,0.246528223156929,2017,
5.96400022506714,0.256450712680817,48,1.44492328166962,Italy,1.39506661891937,0.17278964817524,0.853144347667694,0.0280280914157629,2017,
5.96299982070923,0.373783111572266,49,1.46928238868713,Russia,1.28177809715271,0.0522638224065304,0.547349333763123,0.0329628810286522,2017,
5.95599985122681,0.547509372234344,50,1.08141779899597,Belize,0.907975316047668,0.240015640854836,0.450191766023636,0.0965810716152191,2017,
5.92000007629395,0.505625545978546,51,1.43633782863617,Japan,1.41691517829895,0.12057276815176,0.913475871086121,0.163760736584663,2017,
5.90199995040894,0.234231784939766,52,1.47351610660553,Lithuania,1.31458234786987,0.010164656676352,0.62894994020462,0.0118656428530812,2017,
5.87200021743774,0.233335807919502,53,1.1462174654007,Algeria,1.09186446666718,0.0694366469979286,0.617584645748138,0.146096110343933,2017,
5.84999990463257,0.325707912445068,54,1.40471494197845,Latvia,1.26074862480164,0.153074786067009,0.638566970825195,0.0738427266478539,2017,
5.83799982070923,0.257921665906906,55,1.12827444076538,South Korea,1.40167844295502,0.206674367189407,0.900214076042175,0.0632826685905457,2017,
5.83799982070923,0.240729048848152,56,1.25182557106018,Moldova,0.728870630264282,0.208779126405716,0.589465200901031,0.0100912861526012,2017,
5.82499980926514,0.457003742456436,57,1.15009129047394,Romania,1.21768391132355,0.133519917726517,0.685158312320709,0.00438790069893,2017,
5.82299995422363,0.558732926845551,58,1.22761905193329,Bolivia,0.833756566047668,0.22556072473526,0.473630249500275,0.0604777261614799,2017,
5.82200002670288,0.41827192902565,59,1.49314916133881,Turkmenistan,1.13077676296234,0.24992498755455,0.437726080417633,0.259270340204239,2017,
5.81899976730347,0.437454283237457,60,1.38436901569366,Kazakhstan,1.28455626964569,0.201964423060417,0.606041550636292,0.119282886385918,2017,
5.80999994277954,0.471203625202179,61,1.18630337715149,North Cyprus,1.3469113111496,0.266845703125,0.834647238254547,0.155353352427483,2017,
5.75799989700317,0.572575807571411,62,1.45251882076263,Slovenia,1.3412059545517,0.242649093270302,0.790828227996826,0.0451289787888527,2017,
5.71500015258789,0.450002878904343,63,1.21877038478851,Peru,1.03522527217865,0.126819714903831,0.630166113376617,0.0470490865409374,2017,
5.62900018692017,0.491247326135635,64,1.20956099033356,Mauritius,1.18939554691315,0.360933750867844,0.638007462024689,0.0421815551817417,2017,
5.62099981307983,0.355111539363861,65,1.13136327266693,Cyprus,1.35593807697296,0.271254301071167,0.84471470117569,0.0412379764020443,2017,
5.61100006103516,0.479131430387497,66,1.47667109966278,Estonia,1.32087934017181,0.0988908112049103,0.695168316364288,0.183248922228813,2017,
5.56899976730347,0.295400261878967,67,1.44494521617889,Belarus,1.15655755996704,0.15513750910759,0.637714266777039,0.156313821673393,2017,
5.52500009536743,0.465733230113983,68,1.35756433010101,Libya,1.10180306434631,0.152073666453362,0.520169019699097,0.0926102101802826,2017,
5.5,0.300740599632263,69,1.33775317668915,Turkey,1.19827437400818,0.0466930419206619,0.637605607509613,0.0996715798974037,2017,
5.49300003051758,0.473507791757584,70,1.50728487968445,Paraguay,0.932537317276001,0.224150657653809,0.579250693321228,0.091065913438797,2017,
5.47200012207031,0.490968644618988,71,1.26279091835022,"Hong Kong S.A.R., China",1.55167484283447,0.374465793371201,0.943062424659729,0.293933749198914,2017,
5.42999982833862,0.585214674472809,72,1.25391757488251,Philippines,0.85769921541214,0.193513423204422,0.468009054660797,0.0993318930268288,2017,
5.39499998092651,0.208715528249741,73,1.25818979740143,Serbia,1.06931757926941,0.220125883817673,0.65078467130661,0.0409037806093693,2017,
5.33599996566772,0.418421149253845,74,1.23908889293671,Jordan,0.991012394428253,0.172170460224152,0.604590058326721,0.11980327218771,2017,
5.32399988174438,0.175863519310951,75,1.34313309192657,Hungary,1.2860119342804,0.0784016624093056,0.687763452529907,0.0366369374096394,2017,
5.31099987030029,0.474307239055634,76,1.36821806430817,Jamaica,0.925579309463501,0.233818337321281,0.641022384166718,0.0552677810192108,2017,
5.29300022125244,0.255772292613983,77,0.96798300743103,Croatia,1.22255623340607,0.248002976179123,0.701288521289825,0.0431031100451946,2017,
5.27899980545044,0.260287940502167,78,1.13785350322723,Kosovo,0.951484382152557,0.319931447505951,0.541452050209045,0.0574716180562973,2017,
5.27299976348877,0.472787708044052,79,1.16083741188049,China,1.08116579055786,0.0288068410009146,0.741415500640869,0.0227942746132612,2017,
5.26900005340576,0.23521526157856,80,0.672690689563751,Pakistan,0.72688353061676,0.315446019172668,0.402047783136368,0.124348066747189,2017,
5.26200008392334,0.443323463201523,81,1.27444469928741,Indonesia,0.995538592338562,0.611704587936401,0.492345720529556,0.0153171354904771,2017,
5.25,0.153997123241425,82,1.43133759498596,Venezuela,1.12843120098114,0.0650196298956871,0.617144227027893,0.0644911229610443,2017,
5.23699998855591,0.194989055395126,83,1.23837649822235,Montenegro,1.12112903594971,0.197911024093628,0.667464673519135,0.0881741940975189,2017,
5.2350001335144,0.408158332109451,84,0.774864435195923,Morocco,0.878114581108093,0.0322099551558495,0.59771066904068,0.0877631828188896,2017,
5.23400020599365,0.398155838251114,85,1.15240025520325,Azerbaijan,1.15360176563263,0.0452693402767181,0.540775775909424,0.180987507104874,2017,
5.23000001907349,0.55258983373642,86,1.40241670608521,Dominican Republic,1.07937383651733,0.186967849731445,0.574873745441437,0.113945253193378,2017,
5.22700023651123,0.0957312509417534,87,1.23941457271576,Greece,1.28948748111725,0.0,0.810198903083801,0.04328977689147,2017,
5.22499990463257,0.288515985012054,88,1.12962424755096,Lebanon,1.07498753070831,0.264450758695602,0.735081076622009,0.037513829767704,2017,
5.19500017166138,0.498465299606323,89,1.36704301834106,Portugal,1.3151752948761,0.0951027125120163,0.795843541622162,0.0158694516867399,2017,
5.18200016021729,0.204403176903725,90,1.0693359375,Bosnia and Herzegovina,0.982409417629242,0.328867495059967,0.705186307430267,0.0,2017,
5.18100023269653,0.348079860210419,91,1.14394497871399,Honduras,0.730573117733002,0.236188873648643,0.582569479942322,0.0733454525470734,2017,
5.17500019073486,0.325905978679657,92,1.20789301395416,Macedonia,1.06457793712616,0.25376096367836,0.644948184490204,0.0602777935564518,2017,
5.15100002288818,0.602126955986023,93,0.721151351928711,Somalia,0.0226431842893362,0.291631311178207,0.113989137113094,0.282410323619843,2017,
5.07399988174438,0.571055591106415,94,1.27749133110046,Vietnam,0.788547575473785,0.234968051314354,0.652168989181519,0.0876332372426987,2017,
5.07399988174438,0.394952565431595,95,1.21577048301697,Nigeria,0.783756256103516,0.230947196483612,0.0569157302379608,0.0261215660721064,2017,
5.04099988937378,0.471566706895828,96,1.27146327495575,Tajikistan,0.524713635444641,0.248997643589973,0.529235124588013,0.146377146244049,2017,
5.01100015640259,0.501537680625916,97,1.34012651443481,Bhutan,0.885416388511658,0.474054545164108,0.495879292488098,0.173380389809608,2017,
5.00400018692017,0.454943388700485,98,1.39423859119415,Kyrgyzstan,0.596220076084137,0.42858037352562,0.553457796573639,0.0394391790032387,2017,
4.96199989318848,0.440305948257446,99,1.17928326129913,Nepal,0.479820191860199,0.394096165895462,0.504130780696869,0.0729755461215973,2017,
4.95499992370605,0.394143968820572,100,1.4930112361908,Mongolia,1.02723586559296,0.338464230298996,0.557783484458923,0.0329022891819477,2017,
4.8289999961853,0.479246735572815,101,1.38478863239288,South Africa,1.05469870567322,0.139362379908562,0.187080070376396,0.0725094974040985,2017,
4.80499982833862,0.289680689573288,102,0.868351459503174,Tunisia,1.00726580619812,0.0496933571994305,0.613212049007416,0.0867231488227844,2017,
4.77500009536743,0.25471106171608,103,1.15564715862274,Palestinian Territories,0.716249227523804,0.114173173904419,0.565666973590851,0.0892826020717621,2017,
4.7350001335144,0.282110154628754,104,0.997471392154694,Egypt,0.989701807498932,0.128631442785263,0.520187258720398,0.114381365478039,2017,
4.71400022506714,0.289231717586517,105,1.43437945842743,Bulgaria,1.1614590883255,0.113177694380283,0.708217680454254,0.0110515309497714,2017,
4.70900011062622,0.318697690963745,106,0.984136044979095,Sierra Leone,0.36842092871666,0.293040901422501,0.0055647538974881,0.0710951760411263,2017,
4.69500017166138,0.430388748645782,107,0.946018218994141,Cameroon,0.564305365085602,0.236298456788063,0.132892116904259,0.0513066314160824,2017,
4.69199991226196,0.249322608113289,108,0.711551249027252,Iran,1.15687310695648,0.387242913246155,0.639333188533783,0.048761073499918,2017,
4.64400005340576,0.381498634815216,109,0.803685247898102,Albania,0.996192753314972,0.201312944293022,0.731159746646881,0.0398642159998417,2017,
4.60799980163574,0.478356659412384,110,0.735131740570068,Bangladesh,0.586682975292206,0.172255352139473,0.533241033554077,0.123717859387398,2017,
4.57399988174438,0.520303547382355,111,1.0984708070755,Namibia,0.964434325695038,0.0771337449550629,0.33861181139946,0.0931469723582268,2017,
4.55299997329712,0.452763766050339,112,1.06795072555542,Kenya,0.560479462146759,0.444860309362411,0.309988349676132,0.0646413192152977,2017,
4.55000019073486,0.480791091918945,113,0.870701014995575,Mozambique,0.234305649995804,0.322228103876114,0.106654435396194,0.179436385631561,2017,
4.54500007629395,0.514492034912109,114,1.12323594093323,Myanmar,0.367110550403595,0.838075160980225,0.397522568702698,0.188816204667091,2017,
4.53499984741211,0.377922266721725,115,1.17969191074371,Senegal,0.479309022426605,0.183468893170357,0.409362852573395,0.115460447967052,2017,
4.51399993896484,0.461603492498398,116,1.00318729877472,Zambia,0.636406779289246,0.249580144882202,0.257835894823074,0.0782135501503944,2017,
4.49700021743774,0.288555532693863,117,0.978613197803497,Iraq,1.10271048545837,0.19963726401329,0.501180469989777,0.107215754687786,2017,
4.46500015258789,0.312328577041626,118,1.1556202173233,Gabon,1.1982102394104,0.0437853783369064,0.356578588485718,0.0760467872023582,2017,
4.46000003814697,0.408842742443085,119,0.86466920375824,Ethiopia,0.339233845472336,0.312650740146637,0.353409707546234,0.165455713868141,2017,
4.44000005722046,0.561213254928589,120,1.25997638702393,Sri Lanka,1.00985014438629,0.490863561630249,0.625130832195282,0.0736539661884308,2017,
4.37599992752075,0.198303267359734,121,1.00748372077942,Armenia,0.900596737861633,0.0834880918264389,0.637524425983429,0.0266744215041399,2017,
4.31500005722046,0.469987004995346,122,0.754372596740723,India,0.792221248149872,0.231538489460945,0.455427616834641,0.0922268852591515,2017,
4.29199981689453,0.0960980430245399,123,1.2720308303833,Mauritania,0.648457288742065,0.201870024204254,0.285349279642105,0.136957004666328,2017,
4.29099988937378,0.435025870800018,124,0.832044363021851,Congo (Brazzaville),0.808964252471924,0.120852127671242,0.28995743393898,0.0796181336045265,2017,
4.28599977493286,0.309410035610199,125,0.57061493396759,Georgia,0.950612664222717,0.0540088154375553,0.649546980857849,0.251666635274887,2017,
4.28000020980835,0.235961347818375,126,1.22902345657349,Congo (Kinshasa),0.0921023488044739,0.246455833315849,0.191407024860382,0.0602413564920425,2017,
4.19000005722046,0.306613743305206,127,1.28147339820862,Mali,0.476180493831635,0.183354198932648,0.169365674257278,0.104970246553421,2017,
4.17999982833862,0.447706192731857,128,0.904780030250549,Ivory Coast,0.603048920631409,0.201237469911575,0.0486421696841717,0.130061775445938,2017,
4.16800022125244,0.633375823497772,129,1.00623834133148,Cambodia,0.601765096187592,0.385922968387604,0.429783403873444,0.0681059509515762,2017,
4.13899993896484,0.0149958552792668,130,1.21400856971741,Sudan,0.65951669216156,0.182317450642586,0.290920823812485,0.089847519993782,2017,
4.11999988555908,0.423026293516159,131,0.873664736747742,Ghana,0.667224824428558,0.256923943758011,0.295637726783752,0.0253363698720932,2017,
4.09600019454956,0.122974775731564,132,1.39453756809235,Ukraine,0.89465194940567,0.270061463117599,0.575903952121735,0.0230294708162546,2017,
4.08099985122681,0.443185955286026,133,1.12982773780823,Uganda,0.381430715322495,0.325766056776047,0.217632606625557,0.057069718837738,2017,
4.03200006484985,0.324367851018906,134,1.04328000545502,Burkina Faso,0.3502277135849,0.250864684581757,0.215844258666039,0.120328105986118,2017,
4.02799987792969,0.36365869641304,135,0.993025004863739,Niger,0.161925330758095,0.228673845529556,0.26850500702858,0.138572946190834,2017,
3.97000002861023,0.466914653778076,136,0.512568831443787,Malawi,0.233442038297653,0.287170469760895,0.315089583396912,0.0727116540074348,2017,
3.93600010871887,0.16234202682972,137,0.953855872154236,Chad,0.438012987375259,0.216113850474358,0.0411347150802612,0.0535818822681904,2017,
3.875,0.336384207010269,138,1.08309590816498,Zimbabwe,0.375846534967422,0.189143493771553,0.196763753890991,0.0953753814101219,2017,
3.80800008773804,0.390661299228668,139,1.19009518623352,Lesotho,0.521021246910095,0.157497271895409,0.0,0.119094640016556,2017,
3.79500007629395,0.0,140,1.10441195964813,Angola,0.858428180217743,0.097926490008831,0.0498686656355858,0.0697203353047371,2017,
3.79399991035461,0.106179520487785,141,0.581543326377869,Afghanistan,0.401477217674255,0.311870932579041,0.180746778845787,0.0611578300595284,2017,
3.76600003242493,0.505196332931519,142,1.22155499458313,Botswana,1.12209415435791,0.0993484482169151,0.341755509376526,0.0985831990838051,2017,
3.65700006484985,0.425962775945663,143,0.435299843549728,Benin,0.431085407733917,0.207948461174965,0.209930211305618,0.0609290152788162,2017,
3.64400005340576,0.189196765422821,144,0.913020372390747,Madagascar,0.305808693170547,0.208732530474663,0.375223308801651,0.0672319754958153,2017,
3.6029999256134,0.0303698573261499,145,0.640449821949005,Haiti,0.368610262870789,0.489203780889511,0.277321130037308,0.0998721495270729,2017,
3.59299993515015,0.249463722109795,146,0.93538224697113,Yemen,0.591683447360992,0.104125209152699,0.310080915689468,0.0567674227058887,2017,
3.59100008010864,0.147062435746193,147,0.601323127746582,South Sudan,0.39724862575531,0.285670816898346,0.163486003875732,0.116793513298035,2017,
3.53299999237061,0.332881182432175,148,0.872117936611176,Liberia,0.119041793048382,0.26654988527298,0.229918196797371,0.0389482490718365,2017,
3.50699996948242,0.348587512969971,149,0.791244685649872,Guinea,0.244549930095673,0.264815092086792,0.194129139184952,0.110937617719173,2017,
3.49499988555908,0.38042613863945,150,0.431882530450821,Togo,0.305444717407227,0.196896150708199,0.247105568647385,0.0956650152802467,2017,
3.47099995613098,0.581843852996826,151,0.945707023143768,Rwanda,0.368745893239975,0.252756029367447,0.326424807310104,0.455220013856888,2017,
3.46199989318848,0.0815394446253777,152,0.396102607250214,Syria,0.777153134346008,0.493663728237152,0.50053334236145,0.151347130537033,2017,
3.34899997711182,0.390017777681351,153,1.04198980331421,Tanzania,0.511135876178741,0.354256361722946,0.364509284496307,0.0660351067781448,2017,
2.90499997138977,0.0599007532000542,154,0.629793584346771,Burundi,0.091622568666935,0.204435184597969,0.151610791683197,0.0841479450464249,2017,
2.69300007820129,0.270842045545578,155,0.0,Central African Republic,0.0,0.280876487493515,0.0187726859003305,0.0565650761127472,2017,
7.632,0.681,1,1.592,Finland,1.305,0.202,0.874,0.393,2018,
7.594,0.686,2,1.582,Norway,1.456,0.286,0.861,0.34,2018,
7.555,0.683,3,1.59,Denmark,1.351,0.284,0.868,0.408,2018,
7.495,0.677,4,1.644,Iceland,1.343,0.353,0.914,0.138,2018,
7.487,0.66,5,1.549,Switzerland,1.42,0.256,0.927,0.357,2018,
7.441,0.638,6,1.488,Netherlands,1.361,0.333,0.878,0.295,2018,
7.328,0.653,7,1.532,Canada,1.33,0.321,0.896,0.291,2018,
7.324,0.669,8,1.601,New Zealand,1.268,0.365,0.876,0.389,2018,
7.314,0.659,9,1.501,Sweden,1.355,0.285,0.913,0.383,2018,
7.272,0.647,10,1.573,Australia,1.34,0.361,0.91,0.302,2018,
7.19,0.464,11,1.433,United Kingdom,1.244,0.262,0.888,0.082,2018,
7.139,0.617,12,1.504,Austria,1.341,0.242,0.891,0.224,2018,
7.072,0.632,13,1.459,Costa Rica,1.01,0.143,0.817,0.101,2018,
6.977,0.614,14,1.583,Ireland,1.448,0.307,0.876,0.306,2018,
6.965,0.586,15,1.474,Germany,1.34,0.273,0.861,0.28,2018,
6.927,0.583,16,1.483,Belgium,1.324,0.188,0.894,0.24,2018,
6.91,0.632,17,1.52,Luxembourg,1.576,0.196,0.896,0.321,2018,
6.886,0.547,18,1.471,United States,1.398,0.291,0.819,0.133,2018,
6.814,0.533,19,1.559,Israel,1.301,0.354,0.883,0.272,2018,
6.774,0.284,20,0.776,United Arab Emirates,2.096,0.186,0.67,0.082,2018,
6.711,0.543,21,1.489,Czech Republic,1.233,0.064,0.854,0.034,2018,
6.627,0.645,22,1.525,Malta,1.27,0.376,0.884,0.142,2018,
6.489,0.52,23,1.466,France,1.293,0.098,0.908,0.176,2018,
6.488,0.479,24,1.252,Mexico,1.038,0.069,0.761,0.095,2018,
6.476,0.431,25,1.331,Chile,1.131,0.197,0.808,0.061,2018,
6.441,0.418,26,1.436,Taiwan,1.365,0.151,0.857,0.078,2018,
6.43,0.597,27,1.438,Panama,1.112,0.125,0.759,0.063,2018,
6.419,0.493,28,1.474,Brazil,0.986,0.11,0.675,0.088,2018,
6.388,0.57,29,1.468,Argentina,1.073,0.062,0.744,0.054,2018,
6.382,0.604,30,1.268,Guatemala,0.781,0.179,0.608,0.071,2018,
6.379,0.625,31,1.459,Uruguay,1.093,0.13,0.771,0.155,2018,
6.374,0.654,32,1.303,Qatar,1.649,0.256,0.748,0.171,2018,
6.371,0.509,33,1.331,Saudi Arabia,1.379,0.098,0.633,0.127,2018,
6.343,0.631,34,1.451,Singapore,1.529,0.261,1.008,0.457,2018,
6.322,0.356,35,1.258,Malaysia,1.161,0.311,0.669,0.059,2018,
6.31,0.449,36,1.538,Spain,1.251,0.142,0.965,0.074,2018,
6.26,0.531,37,1.439,Colombia,0.96,0.099,0.635,0.039,2018,
6.192,0.575,38,1.492,Trinidad & Tobago,1.223,0.171,0.564,0.019,2018,
6.173,0.354,39,1.537,Slovakia,1.21,0.118,0.776,0.014,2018,
6.167,0.461,40,1.231,El Salvador,0.806,0.065,0.639,0.082,2018,
6.141,0.527,41,1.319,Nicaragua,0.668,0.208,0.7,0.128,2018,
6.123,0.546,42,1.448,Poland,1.176,0.108,0.781,0.064,2018,
6.105,0.594,43,1.366,Bahrain,1.338,0.243,0.698,0.123,2018,
6.096,0.724,44,1.584,Uzbekistan,0.719,0.328,0.605,0.259,2018,
6.083,0.554,45,1.301,Kuwait,1.474,0.167,0.675,0.106,2018,
6.072,0.637,46,1.417,Thailand,1.016,0.364,0.707,0.029,2018,
6.0,0.281,47,1.501,Italy,1.264,0.137,0.946,0.028,2018,
5.973,0.556,48,1.33,Ecuador,0.889,0.114,0.736,0.12,2018,
5.956,0.593,49,1.101,Belize,0.807,0.183,0.474,0.089,2018,
5.952,0.35,50,1.527,Lithuania,1.197,0.026,0.716,0.006,2018,
5.948,0.633,51,1.506,Slovenia,1.219,0.16,0.856,0.051,2018,
5.945,0.528,52,1.219,Romania,1.116,0.088,0.726,0.001,2018,
5.933,0.363,53,1.454,Latvia,1.148,0.092,0.671,0.066,2018,
5.915,0.553,54,1.462,Japan,1.294,0.079,0.988,0.15,2018,
5.891,0.584,55,1.387,Mauritius,1.09,0.245,0.684,0.05,2018,
5.89,0.575,56,1.493,Jamaica,0.819,0.096,0.693,0.031,2018,
5.875,0.244,57,1.204,South Korea,1.266,0.175,0.955,0.051,2018,
5.835,0.495,58,1.211,Northern Cyprus,1.229,0.179,0.909,0.154,2018,
5.81,0.399,59,1.479,Russia,1.151,0.065,0.599,0.025,2018,
5.79,0.454,60,1.516,Kazakhstan,1.143,0.148,0.631,0.121,2018,
5.762,0.423,61,1.191,Cyprus,1.229,0.202,0.909,0.035,2018,
5.752,0.606,62,1.223,Bolivia,0.751,0.141,0.508,0.054,2018,
5.739,0.553,63,1.532,Estonia,1.2,0.086,0.737,0.174,2018,
5.681,0.541,64,1.522,Paraguay,0.835,0.162,0.615,0.074,2018,
5.663,0.53,65,1.249,Peru,0.934,0.092,0.674,0.034,2018,
5.662,0.448,66,1.23,Kosovo,0.855,0.274,0.578,0.023,2018,
5.64,0.232,67,1.301,Moldova,0.657,0.171,0.62,0.0,2018,
5.636,0.417,68,1.533,Turkmenistan,1.016,0.199,0.517,0.037,2018,
5.62,0.259,69,1.401,Hungary,1.171,0.061,0.732,0.022,2018,
5.566,0.496,70,1.35,Libya,0.985,0.116,0.553,0.148,2018,
5.524,0.643,71,1.312,Philippines,0.775,0.12,0.513,0.105,2018,
5.504,0.459,72,1.205,Honduras,0.62,0.197,0.622,0.074,2018,
5.483,0.307,73,1.498,Belarus,1.039,0.101,0.7,0.154,2018,
5.483,0.324,74,1.38,Turkey,1.148,0.106,0.686,0.109,2018,
5.472,0.334,75,0.81,Pakistan,0.652,0.216,0.424,0.113,2018,
5.43,0.524,76,1.29,Hong Kong,1.405,0.246,1.03,0.291,2018,
5.41,0.562,77,1.429,Portugal,1.188,0.055,0.884,0.017,2018,
5.398,0.288,78,1.369,Serbia,0.975,0.134,0.685,0.043,2018,
5.358,0.131,79,1.202,Greece,1.154,0.0,0.879,0.044,2018,
5.358,0.503,80,1.179,Lebanon,0.965,0.214,0.785,0.136,2018,
5.347,0.259,81,1.279,Montenegro,1.017,0.111,0.729,0.081,2018,
5.321,0.38,82,1.161,Croatia,1.115,0.12,0.737,0.039,2018,
5.302,0.578,83,1.441,Dominican Republic,0.982,0.12,0.614,0.106,2018,
5.295,0.077,84,1.154,Algeria,0.979,0.055,0.687,0.135,2018,
5.254,0.46,85,0.797,Morocco,0.779,0.026,0.669,0.074,2018,
5.246,0.597,86,1.142,China,0.989,0.029,0.799,0.103,2018,
5.201,0.43,87,1.161,Azerbaijan,1.024,0.031,0.603,0.176,2018,
5.199,0.292,88,1.166,Tajikistan,0.474,0.187,0.598,0.034,2018,
5.185,0.394,89,1.239,Macedonia,0.959,0.173,0.691,0.052,2018,
5.161,0.468,90,1.265,Jordan,0.822,0.13,0.645,0.134,2018,
5.155,0.462,91,1.172,Nigeria,0.689,0.201,0.048,0.032,2018,
5.131,0.54,92,1.416,Kyrgyzstan,0.53,0.281,0.594,0.035,2018,
5.129,0.28,93,1.078,Bosnia and Herzegovina,0.915,0.216,0.758,0.0,2018,
5.125,0.395,94,1.517,Mongolia,0.914,0.253,0.575,0.032,2018,
5.103,0.618,95,1.365,Vietnam,0.715,0.177,0.702,0.079,2018,
5.093,0.538,96,1.215,Indonesia,0.899,0.484,0.522,0.018,2018,
5.082,0.541,97,1.335,Bhutan,0.796,0.364,0.527,0.171,2018,
4.982,0.674,98,0.712,Somalia,0.0,0.238,0.115,0.282,2018,
4.975,0.454,99,0.891,Cameroon,0.535,0.183,0.182,0.043,2018,
4.933,0.359,100,1.515,Bulgaria,1.054,0.064,0.712,0.009,2018,
4.88,0.526,101,1.228,Nepal,0.425,0.302,0.539,0.078,2018,
4.806,0.133,102,1.469,Venezuela,0.996,0.056,0.657,0.052,2018,
4.758,0.356,103,1.164,Gabon,1.036,0.032,0.404,0.052,2018,
4.743,0.266,104,1.217,Palestinian Territories,0.642,0.086,0.602,0.076,2018,
4.724,0.516,105,1.41,South Africa,0.94,0.103,0.33,0.056,2018,
4.707,0.459,106,0.771,Iran,1.059,0.282,0.691,0.129,2018,
4.671,0.467,107,0.872,Ivory Coast,0.541,0.146,0.08,0.103,2018,
4.657,0.499,108,0.896,Ghana,0.592,0.212,0.337,0.029,2018,
4.631,0.406,109,1.117,Senegal,0.429,0.138,0.433,0.082,2018,
4.623,0.626,110,1.034,Laos,0.72,0.23,0.441,0.174,2018,
4.592,0.271,111,0.906,Tunisia,0.9,0.04,0.69,0.063,2018,
4.586,0.419,112,0.817,Albania,0.916,0.149,0.79,0.032,2018,
4.571,0.355,113,0.813,Sierra Leone,0.256,0.238,0.0,0.053,2018,
4.559,0.514,114,0.811,Congo (Brazzaville),0.682,0.091,0.343,0.077,2018,
4.5,0.58,115,0.85,Bangladesh,0.532,0.153,0.579,0.144,2018,
4.471,0.585,116,1.314,Sri Lanka,0.918,0.307,0.672,0.05,2018,
4.456,0.304,117,0.971,Iraq,1.01,0.148,0.536,0.095,2018,
4.447,0.367,118,1.233,Mali,0.37,0.139,0.152,0.056,2018,
4.441,0.519,119,1.281,Namibia,0.874,0.051,0.365,0.064,2018,
4.433,0.696,120,1.088,Cambodia,0.549,0.256,0.457,0.065,2018,
4.424,0.312,121,1.097,Burkina Faso,0.314,0.175,0.254,0.128,2018,
4.419,0.312,122,1.025,Egypt,0.885,0.092,0.553,0.107,2018,
4.417,0.531,123,0.902,Mozambique,0.198,0.206,0.173,0.158,2018,
4.41,0.504,124,1.048,Kenya,0.493,0.352,0.454,0.055,2018,
4.377,0.503,125,1.047,Zambia,0.562,0.221,0.295,0.082,2018,
4.356,0.129,126,1.245,Mauritania,0.557,0.134,0.292,0.093,2018,
4.35,0.452,127,0.95,Ethiopia,0.308,0.22,0.391,0.146,2018,
4.34,0.375,128,0.592,Georgia,0.853,0.038,0.643,0.215,2018,
4.321,0.26,129,0.99,Armenia,0.816,0.077,0.666,0.028,2018,
4.308,0.58,130,1.174,Myanmar,0.682,0.598,0.429,0.178,2018,
4.301,0.189,131,0.907,Chad,0.358,0.181,0.053,0.06,2018,
4.245,0.312,132,1.136,Congo (Kinshasa),0.069,0.197,0.204,0.052,2018,
4.19,0.539,133,0.747,India,0.721,0.172,0.485,0.093,2018,
4.166,0.39,134,0.867,Niger,0.131,0.175,0.221,0.099,2018,
4.161,0.45,135,1.09,Uganda,0.322,0.259,0.237,0.061,2018,
4.141,0.44,136,0.372,Benin,0.378,0.163,0.24,0.067,2018,
4.139,0.016,137,1.24,Sudan,0.605,0.134,0.312,0.082,2018,
4.103,0.163,138,1.413,Ukraine,0.793,0.187,0.609,0.011,2018,
3.999,0.434,139,0.474,Togo,0.259,0.158,0.253,0.101,2018,
3.964,0.394,140,0.792,Guinea,0.344,0.185,0.211,0.094,2018,
3.808,0.423,141,1.215,Lesotho,0.472,0.116,0.079,0.112,2018,
3.795,0.0,142,1.125,Angola,0.73,0.079,0.269,0.061,2018,
3.774,0.221,143,0.908,Madagascar,0.262,0.155,0.402,0.049,2018,
3.692,0.406,144,1.094,Zimbabwe,0.357,0.132,0.248,0.099,2018,
3.632,0.085,145,0.537,Afghanistan,0.332,0.191,0.255,0.036,2018,
3.59,0.557,146,1.174,Botswana,1.017,0.042,0.417,0.092,2018,
3.587,0.531,147,0.541,Malawi,0.186,0.21,0.306,0.08,2018,
3.582,0.025,148,0.714,Haiti,0.315,0.392,0.289,0.104,2018,
3.495,0.419,149,0.858,Liberia,0.076,0.206,0.267,0.03,2018,
3.462,0.088,150,0.382,Syria,0.689,0.376,0.539,0.144,2018,
3.408,0.636,151,0.896,Rwanda,0.332,0.2,0.4,0.444,2018,
3.355,0.244,152,1.073,Yemen,0.442,0.083,0.343,0.064,2018,
3.303,0.481,153,0.991,Tanzania,0.455,0.27,0.381,0.097,2018,
3.254,0.112,154,0.608,South Sudan,0.337,0.224,0.177,0.106,2018,
3.083,0.305,155,0.0,Central African Republic,0.024,0.218,0.01,0.038,2018,
2.905,0.065,156,0.627,Burundi,0.091,0.149,0.145,0.076,2018,
7.769,0.596,1,1.587,Finland,1.34,0.153,0.986,0.393,2019,0.7769
7.6,0.592,2,1.573,Denmark,1.383,0.252,0.996,0.41,2019,0.76
7.554,0.603,3,1.582,Norway,1.488,0.271,1.028,0.341,2019,0.7554000000000001
7.494,0.591,4,1.624,Iceland,1.38,0.354,1.026,0.118,2019,0.7494
7.488,0.557,5,1.522,Netherlands,1.396,0.322,0.999,0.298,2019,0.7488
7.48,0.572,6,1.526,Switzerland,1.452,0.263,1.052,0.343,2019,0.748
7.343,0.574,7,1.487,Sweden,1.387,0.267,1.009,0.373,2019,0.7343
7.307,0.585,8,1.557,New Zealand,1.303,0.33,1.026,0.38,2019,0.7307
7.278,0.584,9,1.505,Canada,1.365,0.285,1.039,0.308,2019,0.7278
7.246,0.532,10,1.475,Austria,1.376,0.244,1.016,0.226,2019,0.7246
7.228,0.557,11,1.548,Australia,1.372,0.332,1.036,0.29,2019,0.7228
7.167,0.558,12,1.441,Costa Rica,1.034,0.144,0.963,0.093,2019,0.7167
7.139,0.371,13,1.455,Israel,1.276,0.261,1.029,0.082,2019,0.7139
7.09,0.526,14,1.479,Luxembourg,1.609,0.194,1.012,0.316,2019,0.709
7.054,0.45,15,1.538,United Kingdom,1.333,0.348,0.996,0.278,2019,0.7054
7.021,0.516,16,1.553,Ireland,1.499,0.298,0.999,0.31,2019,0.7021
6.985,0.495,17,1.454,Germany,1.373,0.261,0.987,0.265,2019,0.6985
6.923,0.473,18,1.504,Belgium,1.356,0.16,0.986,0.21,2019,0.6923
6.892,0.454,19,1.457,United States,1.433,0.28,0.874,0.128,2019,0.6892
6.852,0.457,20,1.487,Czech Republic,1.269,0.046,0.92,0.036,2019,0.6852
6.825,0.598,21,1.31,United Arab Emirates,1.503,0.262,0.825,0.182,2019,0.6825
6.726,0.564,22,1.52,Malta,1.3,0.375,0.999,0.151,2019,0.6726
6.595,0.433,23,1.323,Mexico,1.07,0.074,0.861,0.073,2019,0.6595
6.592,0.436,24,1.472,France,1.324,0.111,1.045,0.183,2019,0.6592
6.446,0.351,25,1.43,Taiwan,1.368,0.242,0.914,0.097,2019,0.6446
6.444,0.357,26,1.369,Chile,1.159,0.187,0.92,0.056,2019,0.6444
6.436,0.535,27,1.269,Guatemala,0.8,0.175,0.746,0.078,2019,0.6436
6.375,0.439,28,1.357,Saudi Arabia,1.403,0.08,0.795,0.132,2019,0.6375
6.374,0.555,29,1.313,Qatar,1.684,0.22,0.871,0.167,2019,0.6374
6.354,0.362,30,1.484,Spain,1.286,0.153,1.062,0.079,2019,0.6354
6.321,0.516,31,1.442,Panama,1.149,0.109,0.91,0.054,2019,0.6321
6.3,0.39,32,1.439,Brazil,1.004,0.099,0.802,0.086,2019,0.63
6.293,0.523,33,1.465,Uruguay,1.124,0.127,0.891,0.15,2019,0.6293
6.262,0.556,34,1.463,Singapore,1.572,0.271,1.141,0.453,2019,0.6262
6.253,0.43,35,1.242,El Salvador,0.794,0.093,0.789,0.074,2019,0.6253
6.223,0.231,36,1.488,Italy,1.294,0.158,1.039,0.03,2019,0.6223
6.199,0.536,37,1.368,Bahrain,1.362,0.255,0.871,0.11,2019,0.6199
6.198,0.334,38,1.504,Slovakia,1.246,0.121,0.881,0.014,2019,0.6198
6.192,0.489,39,1.477,Trinidad & Tobago,1.231,0.185,0.713,0.016,2019,0.6192
6.182,0.483,40,1.438,Poland,1.206,0.117,0.884,0.05,2019,0.6182000000000001
6.174,0.631,41,1.529,Uzbekistan,0.745,0.322,0.756,0.24,2019,0.6174000000000001
6.149,0.291,42,1.515,Lithuania,1.238,0.043,0.818,0.042,2019,0.6149
6.125,0.47,43,1.41,Colombia,0.985,0.099,0.841,0.034,2019,0.6125
6.118,0.564,44,1.523,Slovenia,1.258,0.144,0.953,0.057,2019,0.6118
6.105,0.435,45,1.325,Nicaragua,0.694,0.2,0.835,0.127,2019,0.6105
6.1,0.489,46,1.232,Kosovo,0.882,0.262,0.758,0.006,2019,0.61
6.086,0.471,47,1.432,Argentina,1.092,0.066,0.881,0.05,2019,0.6086
6.07,0.462,48,1.232,Romania,1.162,0.083,0.825,0.005,2019,0.607
6.046,0.406,49,1.223,Cyprus,1.263,0.19,1.042,0.041,2019,0.6046
6.028,0.498,50,1.312,Ecuador,0.912,0.126,0.868,0.087,2019,0.6028
6.021,0.493,51,1.319,Kuwait,1.5,0.142,0.808,0.097,2019,0.6021
6.008,0.557,52,1.409,Thailand,1.05,0.359,0.828,0.028,2019,0.6008
5.94,0.264,53,1.465,Latvia,1.187,0.075,0.812,0.064,2019,0.5940000000000001
5.895,0.159,54,1.219,South Korea,1.301,0.175,1.036,0.056,2019,0.5894999999999999
5.893,0.495,55,1.528,Estonia,1.237,0.103,0.874,0.161,2019,0.5892999999999999
5.89,0.49,56,1.478,Jamaica,0.831,0.107,0.831,0.028,2019,0.589
5.888,0.498,57,1.402,Mauritius,1.12,0.215,0.798,0.06,2019,0.5888
5.886,0.445,58,1.419,Japan,1.327,0.069,1.088,0.14,2019,0.5886
5.86,0.507,59,1.236,Honduras,0.642,0.246,0.828,0.078,2019,0.5860000000000001
5.809,0.41,60,1.508,Kazakhstan,1.173,0.146,0.729,0.096,2019,0.5809
5.779,0.511,61,1.209,Bolivia,0.776,0.137,0.706,0.064,2019,0.5779
5.758,0.199,62,1.41,Hungary,1.201,0.081,0.828,0.02,2019,0.5758
5.743,0.514,63,1.475,Paraguay,0.855,0.184,0.777,0.08,2019,0.5743
5.718,0.417,64,1.252,Northern Cyprus,1.263,0.191,1.042,0.162,2019,0.5718
5.697,0.455,65,1.274,Peru,0.96,0.083,0.854,0.027,2019,0.5697
5.693,0.508,66,1.431,Portugal,1.221,0.047,0.999,0.025,2019,0.5692999999999999
5.653,0.313,67,0.886,Pakistan,0.677,0.22,0.535,0.098,2019,0.5652999999999999
5.648,0.334,68,1.452,Russia,1.183,0.082,0.726,0.031,2019,0.5648
5.631,0.558,69,1.293,Philippines,0.807,0.117,0.657,0.107,2019,0.5631
5.603,0.282,70,1.383,Serbia,1.004,0.137,0.854,0.039,2019,0.5603
5.529,0.245,71,1.328,Moldova,0.685,0.181,0.739,0.0,2019,0.5529
5.525,0.416,72,1.303,Libya,1.044,0.133,0.673,0.152,2019,0.5525
5.523,0.197,73,1.361,Montenegro,1.051,0.142,0.871,0.08,2019,0.5523
5.467,0.389,74,1.098,Tajikistan,0.493,0.23,0.718,0.144,2019,0.5467
5.432,0.296,75,1.266,Croatia,1.155,0.119,0.914,0.022,2019,0.5432
5.43,0.44,76,1.277,Hong Kong,1.438,0.258,1.122,0.287,2019,0.5429999999999999
5.425,0.497,77,1.401,Dominican Republic,1.015,0.113,0.779,0.101,2019,0.5425
5.386,0.212,78,1.212,Bosnia and Herzegovina,0.945,0.263,0.845,0.006,2019,0.5386
5.373,0.195,79,1.36,Turkey,1.183,0.083,0.808,0.106,2019,0.5373
5.339,0.508,80,1.171,Malaysia,1.221,0.26,0.828,0.024,2019,0.5339
5.323,0.235,81,1.465,Belarus,1.067,0.094,0.789,0.142,2019,0.5323
5.287,0.067,82,1.156,Greece,1.181,0.0,0.999,0.034,2019,0.5287
5.285,0.317,83,1.531,Mongolia,0.948,0.235,0.667,0.038,2019,0.5285
5.274,0.345,84,1.294,North Macedonia,0.983,0.185,0.838,0.034,2019,0.5274
5.265,0.426,85,1.111,Nigeria,0.696,0.215,0.245,0.041,2019,0.5265
5.261,0.508,86,1.438,Kyrgyzstan,0.551,0.3,0.723,0.023,2019,0.5261
5.247,0.394,87,1.538,Turkmenistan,1.052,0.244,0.657,0.028,2019,0.5246999999999999
5.211,0.086,88,1.16,Algeria,1.002,0.073,0.785,0.114,2019,0.5211
5.208,0.418,89,0.782,Morocco,0.801,0.036,0.782,0.076,2019,0.5208
5.208,0.351,90,1.147,Azerbaijan,1.043,0.035,0.769,0.182,2019,0.5208
5.197,0.216,91,1.224,Lebanon,0.987,0.166,0.815,0.027,2019,0.5197
5.192,0.491,92,1.203,Indonesia,0.931,0.498,0.66,0.028,2019,0.5192
5.191,0.521,93,1.125,China,1.029,0.058,0.893,0.1,2019,0.5191
5.175,0.543,94,1.346,Vietnam,0.741,0.147,0.851,0.073,2019,0.5175
5.082,0.457,95,1.321,Bhutan,0.813,0.37,0.604,0.167,2019,0.5082
5.044,0.381,96,0.91,Cameroon,0.549,0.187,0.331,0.037,2019,0.5044
5.011,0.311,97,1.513,Bulgaria,1.092,0.081,0.815,0.004,2019,0.5011
4.996,0.381,98,0.868,Ghana,0.611,0.245,0.486,0.04,2019,0.49960000000000004
4.944,0.352,99,0.808,Ivory Coast,0.569,0.154,0.232,0.09,2019,0.4944
4.913,0.439,100,1.226,Nepal,0.446,0.285,0.677,0.089,2019,0.4913
4.906,0.383,101,1.225,Jordan,0.837,0.11,0.815,0.13,2019,0.4906
4.883,0.349,102,0.437,Benin,0.393,0.175,0.397,0.082,2019,0.4883
4.812,0.372,103,0.799,Congo (Brazzaville),0.673,0.105,0.508,0.093,2019,0.4812
4.799,0.295,104,1.183,Gabon,1.057,0.043,0.571,0.055,2019,0.47990000000000005
4.796,0.547,105,1.03,Laos,0.764,0.266,0.551,0.164,2019,0.4796
4.722,0.389,106,1.351,South Africa,0.96,0.13,0.469,0.055,2019,0.47220000000000006
4.719,0.383,107,0.848,Albania,0.947,0.178,0.874,0.027,2019,0.47190000000000004
4.707,0.154,108,1.427,Venezuela,0.96,0.064,0.805,0.047,2019,0.4707
4.7,0.609,109,1.122,Cambodia,0.574,0.232,0.637,0.062,2019,0.47000000000000003
4.696,0.225,110,1.247,Palestinian Territories,0.657,0.103,0.672,0.066,2019,0.46959999999999996
4.681,0.292,111,1.134,Senegal,0.45,0.153,0.571,0.072,2019,0.4681
4.668,0.559,112,0.698,Somalia,0.0,0.243,0.268,0.27,2019,0.4668
4.639,0.401,113,1.313,Namibia,0.879,0.07,0.477,0.056,2019,0.46390000000000003
4.628,0.318,114,0.774,Niger,0.138,0.188,0.366,0.102,2019,0.4628
4.587,0.255,115,1.056,Burkina Faso,0.331,0.177,0.38,0.113,2019,0.4587
4.559,0.283,116,1.055,Armenia,0.85,0.095,0.815,0.064,2019,0.4559
4.548,0.305,117,0.842,Iran,1.1,0.27,0.785,0.125,2019,0.4548
4.534,0.332,118,0.829,Guinea,0.38,0.207,0.375,0.086,2019,0.45339999999999997
4.519,0.346,119,0.666,Georgia,0.886,0.043,0.752,0.164,2019,0.4519
4.516,0.382,120,0.939,Gambia,0.308,0.269,0.428,0.167,2019,0.4516
4.509,0.431,121,0.983,Kenya,0.512,0.372,0.581,0.053,2019,0.4509
4.49,0.066,122,1.167,Mauritania,0.57,0.106,0.489,0.088,2019,0.449
4.466,0.494,123,0.986,Mozambique,0.204,0.197,0.39,0.138,2019,0.4466
4.461,0.167,124,1.0,Tunisia,0.921,0.059,0.815,0.055,2019,0.44610000000000005
4.456,0.527,125,0.928,Bangladesh,0.562,0.166,0.723,0.143,2019,0.44560000000000005
4.437,0.241,126,0.98,Iraq,1.043,0.148,0.574,0.089,2019,0.44370000000000004
4.418,0.269,127,1.125,Congo (Kinshasa),0.094,0.212,0.357,0.053,2019,0.4418
4.39,0.327,128,1.105,Mali,0.385,0.153,0.308,0.052,2019,0.43899999999999995
4.374,0.309,129,0.841,Sierra Leone,0.268,0.252,0.242,0.045,2019,0.43739999999999996
4.366,0.47,130,1.265,Sri Lanka,0.949,0.244,0.831,0.047,2019,0.4366
4.36,0.525,131,1.181,Myanmar,0.71,0.566,0.555,0.172,2019,0.43600000000000005
4.35,0.174,132,0.766,Chad,0.35,0.198,0.192,0.078,2019,0.43499999999999994
4.332,0.178,133,1.39,Ukraine,0.82,0.187,0.739,0.01,2019,0.4332
4.286,0.344,134,1.033,Ethiopia,0.336,0.209,0.532,0.1,2019,0.4286
4.212,0.313,135,1.149,Swaziland,0.811,0.074,0.0,0.135,2019,0.42119999999999996
4.189,0.356,136,1.069,Uganda,0.332,0.252,0.443,0.06,2019,0.4189
4.166,0.241,137,1.039,Egypt,0.913,0.076,0.644,0.067,2019,0.4166
4.107,0.431,138,1.058,Zambia,0.578,0.247,0.426,0.087,2019,0.4107
4.085,0.293,139,0.572,Togo,0.275,0.177,0.41,0.085,2019,0.4085
4.015,0.498,140,0.765,India,0.755,0.2,0.588,0.085,2019,0.40149999999999997
3.975,0.37,141,0.922,Liberia,0.073,0.233,0.443,0.033,2019,0.3975
3.973,0.142,142,0.757,Comoros,0.274,0.275,0.505,0.078,2019,0.3973
3.933,0.148,143,0.916,Madagascar,0.274,0.169,0.555,0.041,2019,0.3933
3.802,0.359,144,1.169,Lesotho,0.489,0.107,0.168,0.093,2019,0.3802
3.775,0.22,145,0.447,Burundi,0.046,0.176,0.38,0.18,2019,0.3775
3.663,0.361,146,1.114,Zimbabwe,0.366,0.151,0.433,0.089,2019,0.36629999999999996
3.597,0.026,147,0.688,Haiti,0.323,0.419,0.449,0.11,2019,0.3597
3.488,0.455,148,1.145,Botswana,1.041,0.025,0.538,0.1,2019,0.3488
3.462,0.013,149,0.378,Syria,0.619,0.331,0.44,0.141,2019,0.3462
3.41,0.443,150,0.56,Malawi,0.191,0.218,0.495,0.089,2019,0.341
3.38,0.143,151,1.163,Yemen,0.287,0.108,0.463,0.077,2019,0.33799999999999997
3.334,0.555,152,0.711,Rwanda,0.359,0.217,0.614,0.411,2019,0.33340000000000003
3.231,0.417,153,0.885,Tanzania,0.476,0.276,0.499,0.147,2019,0.3231
3.203,0.0,154,0.517,Afghanistan,0.35,0.158,0.361,0.025,2019,0.3203
3.083,0.225,155,0.0,Central African Republic,0.026,0.235,0.105,0.035,2019,0.3083
2.853,0.01,156,0.575,South Sudan,0.306,0.202,0.295,0.091,2019,0.2853
